sku;titulo;image;media_gallery;small_image;thumbnail;status
CMBLG00077;Acdc Angus;+fotos_site_com_marca/053528.jpg;fotos_site_com_marca/053528.jpg;fotos_site_com_marca/small/053528.jpg;fotos_site_com_marca/thumb/053528.jpg;1
G_BL_ACDC_BACK_IN_BLACK;Acdc Back In Black;+fotos_site_com_marca/053024.jpg;fotos_site_com_marca/053024.jpg;fotos_site_com_marca/small/053024.jpg;fotos_site_com_marca/thumb/053024.jpg;1
CMBLG00005;Acdc Black Ice;+fotos_site_com_marca/052505.jpg;fotos_site_com_marca/052505.jpg;fotos_site_com_marca/small/052505.jpg;fotos_site_com_marca/thumb/052505.jpg;1
CMBLG00047;Acdc Canhao Branca;+fotos_site_com_marca/053204.jpg;fotos_site_com_marca/053204.jpg;fotos_site_com_marca/small/053204.jpg;fotos_site_com_marca/thumb/053204.jpg;1
CMBLG00035;Arctic Monkeys;+fotos_site_com_marca/053128.jpg;fotos_site_com_marca/053128.jpg;fotos_site_com_marca/small/053128.jpg;fotos_site_com_marca/thumb/053128.jpg;1
CMBLG00055;Asking;+fotos_site_com_marca/053220.jpg;fotos_site_com_marca/053220.jpg;fotos_site_com_marca/small/053220.jpg;fotos_site_com_marca/thumb/053220.jpg;1
CMBLG00084;Asking Mulher;+fotos_site_com_marca/058400.jpg;fotos_site_com_marca/058400.jpg;fotos_site_com_marca/small/058400.jpg;fotos_site_com_marca/thumb/058400.jpg;1
CMBLG00046;Avenged Nightmare;;;;;2
CMBLG00063;Avenged Nightmare Master;+fotos_site_com_marca/053236.jpg;fotos_site_com_marca/053236.jpg;fotos_site_com_marca/small/053236.jpg;fotos_site_com_marca/thumb/053236.jpg;1
G_BL_AVENGED_TRADICIONAL;Avenged Tradicional;+fotos_site_com_marca/053195.jpg;fotos_site_com_marca/053195.jpg;fotos_site_com_marca/small/053195.jpg;fotos_site_com_marca/thumb/053195.jpg;1
CMBLG00085;Baby Look;;;;;2
G_BL_BAZINGA;Bazinga;+fotos_site_com_marca/053064.jpg;fotos_site_com_marca/053064.jpg;fotos_site_com_marca/small/053064.jpg;fotos_site_com_marca/thumb/053064.jpg;1
CMBLG00068;Beatles Atravessando Road;+fotos_site_com_marca/053246.jpg;fotos_site_com_marca/053246.jpg;fotos_site_com_marca/small/053246.jpg;fotos_site_com_marca/thumb/053246.jpg;1
CMBLG00007;Beatles Banda Branca;+fotos_site_com_marca/052509.jpg;fotos_site_com_marca/052509.jpg;fotos_site_com_marca/small/052509.jpg;fotos_site_com_marca/thumb/052509.jpg;1
G_BL_BEATLES_SGT_PEPPERS;Beatles Sgt Peppers;+fotos_site_com_marca/053187.jpg;fotos_site_com_marca/053187.jpg;fotos_site_com_marca/small/053187.jpg;fotos_site_com_marca/thumb/053187.jpg;1
G_BL_BEATLES_YELLOW;Beatles Yellow;+fotos_site_com_marca/053040.jpg;fotos_site_com_marca/053040.jpg;fotos_site_com_marca/small/053040.jpg;fotos_site_com_marca/thumb/053040.jpg;1
CMBLG00034;Bigode;+fotos_site_com_marca/053126.jpg;fotos_site_com_marca/053126.jpg;fotos_site_com_marca/small/053126.jpg;fotos_site_com_marca/thumb/053126.jpg;1
CMBLG00057;Black Sabbath Heaven And Hell;;;;;2
CMBLG00056;Black Sabbath Us Tour;+fotos_site_com_marca/053222.jpg;fotos_site_com_marca/053222.jpg;fotos_site_com_marca/small/053222.jpg;fotos_site_com_marca/thumb/053222.jpg;1
CMBLG00052;Black Sabbath Vol 4;+fotos_site_com_marca/053214.jpg;fotos_site_com_marca/053214.jpg;fotos_site_com_marca/small/053214.jpg;fotos_site_com_marca/thumb/053214.jpg;1
CMBLG00022;Bon Jovi Logo Dourado;+fotos_site_com_marca/053100.jpg;fotos_site_com_marca/053100.jpg;fotos_site_com_marca/small/053100.jpg;fotos_site_com_marca/thumb/053100.jpg;1
CMBLG00023;Capacete Stormtrooper;+fotos_site_com_marca/053102.jpg;fotos_site_com_marca/053102.jpg;fotos_site_com_marca/small/053102.jpg;fotos_site_com_marca/thumb/053102.jpg;1
CMBLG00086;Capacete Stormtrooper Branca;+fotos_site_com_marca/058531.jpg;fotos_site_com_marca/058531.jpg;fotos_site_com_marca/small/058531.jpg;fotos_site_com_marca/thumb/058531.jpg;1
CMBLG00079;Caveira Mexicana Colorida Branca;+fotos_site_com_marca/053916.jpg;fotos_site_com_marca/053916.jpg;fotos_site_com_marca/small/053916.jpg;fotos_site_com_marca/thumb/053916.jpg;1
CMBLG00080;Caveira Mexicana Colorida Preta;;;;;2
CMBLG00082;Caveira Mexicana Rosas;;;;;2
CMBLG00071;Coringa;;;;;2
CMBLG00033;Dark Side Vader;+fotos_site_com_marca/053124.jpg;fotos_site_com_marca/053124.jpg;fotos_site_com_marca/small/053124.jpg;fotos_site_com_marca/thumb/053124.jpg;1
CMBLG00081;David Caveira;+fotos_site_com_marca/053920.jpg;fotos_site_com_marca/053920.jpg;fotos_site_com_marca/small/053920.jpg;fotos_site_com_marca/thumb/053920.jpg;1
CMBLG00083;David Rosto;+fotos_site_com_marca/058392.jpg;fotos_site_com_marca/058392.jpg;fotos_site_com_marca/small/058392.jpg;fotos_site_com_marca/thumb/058392.jpg;1
CMBLG00061;Evanescence Banda Antiga;;;;;2
CMBLG00066;Evanescence Banda Nova Master;;;;;2
CMBLG00037;Green Day American Idiot;+fotos_site_com_marca/053136.jpg;fotos_site_com_marca/053136.jpg;fotos_site_com_marca/small/053136.jpg;fotos_site_com_marca/thumb/053136.jpg;1
CMBLG00060;Guns Axl Cantando;;;;;2
CMBLG00030;Guns Cartola Equinox;+fotos_site_com_marca/053118.jpg;fotos_site_com_marca/053118.jpg;fotos_site_com_marca/small/053118.jpg;fotos_site_com_marca/thumb/053118.jpg;1
CMBLG00075;Guns Caveira Master;+fotos_site_com_marca/053524.jpg;fotos_site_com_marca/053524.jpg;fotos_site_com_marca/small/053524.jpg;fotos_site_com_marca/thumb/053524.jpg;1
G_BL_GUNS_LOGO_GRANDE_JOAO;Guns Logo Grande Joao;;;;;2
CMBLG00073;Guns Logo Grande Master;;;;;2
CMBLG00010;Iron Fear;+fotos_site_com_marca/052515.jpg;fotos_site_com_marca/052515.jpg;fotos_site_com_marca/small/052515.jpg;fotos_site_com_marca/thumb/052515.jpg;1
CMBLG00002;Iron Killers Virus;+fotos_site_com_marca/052497.jpg;fotos_site_com_marca/052497.jpg;fotos_site_com_marca/small/052497.jpg;fotos_site_com_marca/thumb/052497.jpg;1
CMBLG00001;Iron Number;+fotos_site_com_marca/052495.jpg;fotos_site_com_marca/052495.jpg;fotos_site_com_marca/small/052495.jpg;fotos_site_com_marca/thumb/052495.jpg;1
G_BL_IRON_TROOPER_A_PE;Iron Trooper A Pe;;;;;2
CMBLG00065;Iron Trooper Cavalo;+fotos_site_com_marca/053240.jpg;fotos_site_com_marca/053240.jpg;fotos_site_com_marca/small/053240.jpg;fotos_site_com_marca/thumb/053240.jpg;1
G_BL_JACK_DANIELS;Jack Daniels;+fotos_site_com_marca/053036.jpg;"fotos_site_com_marca/053036.jpg;fotos_site_com_marca/053036_C.jpg";fotos_site_com_marca/small/053036.jpg;fotos_site_com_marca/thumb/053036.jpg;1
CMBLG00039;Joy Division;+fotos_site_com_marca/053140.jpg;fotos_site_com_marca/053140.jpg;fotos_site_com_marca/small/053140.jpg;fotos_site_com_marca/thumb/053140.jpg;1
CMBLG00059;Judas Steel;+fotos_site_com_marca/053228.jpg;fotos_site_com_marca/053228.jpg;fotos_site_com_marca/small/053228.jpg;fotos_site_com_marca/thumb/053228.jpg;1
CMBLG00049;Kiss Rock And Roll;+fotos_site_com_marca/053208.jpg;fotos_site_com_marca/053208.jpg;fotos_site_com_marca/small/053208.jpg;fotos_site_com_marca/thumb/053208.jpg;1
G_BL_LARANJA_MECANICA;Laranja Mecanica;+fotos_site_com_marca/053020.jpg;fotos_site_com_marca/053020.jpg;fotos_site_com_marca/small/053020.jpg;fotos_site_com_marca/thumb/053020.jpg;1
CMBLG00048;Led Zeppelin Anjo Colorido;+fotos_site_com_marca/053206.jpg;fotos_site_com_marca/053206.jpg;fotos_site_com_marca/small/053206.jpg;fotos_site_com_marca/thumb/053206.jpg;1
CMBLG00027;Led Zeppelin Anjo Dourado;+fotos_site_com_marca/053110.jpg;fotos_site_com_marca/053110.jpg;fotos_site_com_marca/small/053110.jpg;fotos_site_com_marca/thumb/053110.jpg;1
CMBLG00025;Led Zeppelin Eremita;+fotos_site_com_marca/053106.jpg;fotos_site_com_marca/053106.jpg;fotos_site_com_marca/small/053106.jpg;fotos_site_com_marca/thumb/053106.jpg;1
CMBLG00026;Led Zeppelin Mothership Branca;+fotos_site_com_marca/053108.jpg;fotos_site_com_marca/053108.jpg;fotos_site_com_marca/small/053108.jpg;fotos_site_com_marca/thumb/053108.jpg;1
CMBLG00029;Legiao Urbana Logo Dourada;+fotos_site_com_marca/053114.jpg;fotos_site_com_marca/053114.jpg;fotos_site_com_marca/small/053114.jpg;fotos_site_com_marca/thumb/053114.jpg;1
CMBLG00041;Linkin Park Meteora;+fotos_site_com_marca/053185.jpg;fotos_site_com_marca/053185.jpg;fotos_site_com_marca/small/053185.jpg;fotos_site_com_marca/thumb/053185.jpg;1
CMBLG00031;Linkin Park Road Escrito Branco;+fotos_site_com_marca/053120.jpg;fotos_site_com_marca/053120.jpg;fotos_site_com_marca/small/053120.jpg;fotos_site_com_marca/thumb/053120.jpg;1
CMBLG00054;Megadeth Bomba;+fotos_site_com_marca/053218.jpg;fotos_site_com_marca/053218.jpg;fotos_site_com_marca/small/053218.jpg;fotos_site_com_marca/thumb/053218.jpg;1
CMBLG00072;Megadeth Rust;+fotos_site_com_marca/053254.jpg;fotos_site_com_marca/053254.jpg;fotos_site_com_marca/small/053254.jpg;fotos_site_com_marca/thumb/053254.jpg;1
CMBLG00008;Metallica Justice;+fotos_site_com_marca/052511.jpg;fotos_site_com_marca/052511.jpg;fotos_site_com_marca/small/052511.jpg;fotos_site_com_marca/thumb/052511.jpg;1
CMBLG00051;Metallica Kill;+fotos_site_com_marca/053212.jpg;fotos_site_com_marca/053212.jpg;fotos_site_com_marca/small/053212.jpg;fotos_site_com_marca/thumb/053212.jpg;1
CMBLG00076;Metallica Magnetic Branca;+fotos_site_com_marca/053526.jpg;fotos_site_com_marca/053526.jpg;fotos_site_com_marca/small/053526.jpg;fotos_site_com_marca/thumb/053526.jpg;1
CMBLG00058;Metallica Master Album;;;;;2
CMBLG00045;Metallica Ride;;;;;2
CMBLG00053;Metallica St Anger Punho;+fotos_site_com_marca/053216.jpg;fotos_site_com_marca/053216.jpg;fotos_site_com_marca/small/053216.jpg;fotos_site_com_marca/thumb/053216.jpg;1
CMBLG00028;Motorhead Tradicional;;;;;2
CMBLG00070;Nirvana Nevermind;;;;;2
G_BL_NIRVANA_SMILE;Nirvana Smile;+fotos_site_com_marca/053012.jpg;fotos_site_com_marca/053012.jpg;fotos_site_com_marca/small/053012.jpg;fotos_site_com_marca/thumb/053012.jpg;1
CMBLG00040;Pantera Dourada Official;+fotos_site_com_marca/053183.jpg;fotos_site_com_marca/053183.jpg;fotos_site_com_marca/small/053183.jpg;fotos_site_com_marca/thumb/053183.jpg;1
G_BL_PASSARO_VERMELHO;Passaro Vermelho;+fotos_site_com_marca/053048.jpg;fotos_site_com_marca/053048.jpg;fotos_site_com_marca/small/053048.jpg;fotos_site_com_marca/thumb/053048.jpg;1
CMBLG00032;Pearl Jam Bonequinho;+fotos_site_com_marca/053122.jpg;fotos_site_com_marca/053122.jpg;fotos_site_com_marca/small/053122.jpg;fotos_site_com_marca/thumb/053122.jpg;1
CMBLG00069;Pink Floyd Wall Preta;+fotos_site_com_marca/053248.jpg;fotos_site_com_marca/053248.jpg;fotos_site_com_marca/small/053248.jpg;fotos_site_com_marca/thumb/053248.jpg;1
CMBLG00074;Piratas Do Caribe;+fotos_site_com_marca/053258.jpg;fotos_site_com_marca/053258.jpg;fotos_site_com_marca/small/053258.jpg;fotos_site_com_marca/thumb/053258.jpg;1
CMBLG00024;Queen Dourada;+fotos_site_com_marca/053104.jpg;fotos_site_com_marca/053104.jpg;fotos_site_com_marca/small/053104.jpg;fotos_site_com_marca/thumb/053104.jpg;1
CMBLG00003;Ramones Banda Branca;+fotos_site_com_marca/052501.jpg;fotos_site_com_marca/052501.jpg;fotos_site_com_marca/small/052501.jpg;fotos_site_com_marca/thumb/052501.jpg;1
G_BL_RAMONES_TRADICIONAL_PRETA;Ramones Tradicional Preta;+fotos_site_com_marca/053032.jpg;fotos_site_com_marca/053032.jpg;fotos_site_com_marca/small/053032.jpg;fotos_site_com_marca/thumb/053032.jpg;1
CMBLG00006;Red Hot Branca;+fotos_site_com_marca/052507.jpg;fotos_site_com_marca/052507.jpg;fotos_site_com_marca/small/052507.jpg;fotos_site_com_marca/thumb/052507.jpg;1
G_BL_RED_HOT_PRETA;Red Hot Preta;+fotos_site_com_marca/053028.jpg;fotos_site_com_marca/053028.jpg;fotos_site_com_marca/small/053028.jpg;fotos_site_com_marca/thumb/053028.jpg;1
CMBLG00021;Sex Pistols Amarela;;;;;2
CMBLG00064;Slipknot Banda Nova Master;;;;;2
CMBLG00004;Slipknot Banda Velha Virus;+fotos_site_com_marca/052503.jpg;fotos_site_com_marca/052503.jpg;fotos_site_com_marca/small/052503.jpg;fotos_site_com_marca/thumb/052503.jpg;1
G_BL_STONES_LINGUA_PRETA;Stones Lingua Preta;+fotos_site_com_marca/053016.jpg;fotos_site_com_marca/053016.jpg;fotos_site_com_marca/small/053016.jpg;fotos_site_com_marca/thumb/053016.jpg;1
CMBLG00036;Strokes Preta;+fotos_site_com_marca/053132.jpg;fotos_site_com_marca/053132.jpg;fotos_site_com_marca/small/053132.jpg;fotos_site_com_marca/thumb/053132.jpg;1
CMBLG00009;System Banda Nova Virus;+fotos_site_com_marca/052513.jpg;fotos_site_com_marca/052513.jpg;fotos_site_com_marca/small/052513.jpg;fotos_site_com_marca/thumb/052513.jpg;1
CMBLG00062;System Bonequinhos;;;;;2
CMBLG00067;System Mezmerize Banda;+fotos_site_com_marca/053244.jpg;fotos_site_com_marca/053244.jpg;fotos_site_com_marca/small/053244.jpg;fotos_site_com_marca/thumb/053244.jpg;1
CMBLG00038;Van Halen Logo Dourado;+fotos_site_com_marca/053138.jpg;fotos_site_com_marca/053138.jpg;fotos_site_com_marca/small/053138.jpg;fotos_site_com_marca/thumb/053138.jpg;1
CMBYGG00002;Acdc Logo Cinza;;;;;2
CMBYGG00012;Beatles Logo Cinza;;;;;2
CMBYGG00011;Caveira Rosa;;;;;2
CMBYGG00001;Caveirinhas Preta;;;;;2
CMBYGG00003;Guns Caveira;+fotos_site_com_marca/058557.jpg;fotos_site_com_marca/058557.jpg;fotos_site_com_marca/small/058557.jpg;fotos_site_com_marca/thumb/058557.jpg;1
CMBYGG00007;Led Zeppelin Cinza;;;;;2
CMBYGG00009;Led Zeppelin Eremita;;;;;2
CMBYGG00004;Legiao Urbana Logo Dourada;;;;;2
CMBYGG00005;Pearl Jam Cinza;;;;;2
CMBYGG00006;Ramones Tradicional Cinza;;;;;2
CMBYGG00010;Star Wars Capacete;+fotos_site_com_marca/058571.jpg;fotos_site_com_marca/058571.jpg;fotos_site_com_marca/small/058571.jpg;fotos_site_com_marca/thumb/058571.jpg;1
CMBYGG00008;Stones Lingua Branca;;;;;2
G_CM_ACDC_ANGUS;Acdc Angus;+fotos_site_com_marca/052417.jpg;"fotos_site_com_marca/052417.jpg;fotos_site_com_marca/052417_C.jpg";fotos_site_com_marca/small/052417.jpg;fotos_site_com_marca/thumb/052417.jpg;1
G_CM_ACDC_BACK_IN_BLACK;Acdc Back In Black;+fotos_site_com_marca/052595.jpg;fotos_site_com_marca/052595.jpg;fotos_site_com_marca/small/052595.jpg;fotos_site_com_marca/thumb/052595.jpg;1
G_CM_ACDC_BLACK_ICE;Acdc Black Ice;+fotos_site_com_marca/051677.jpg;"fotos_site_com_marca/051677.jpg;fotos_site_com_marca/051677_C.jpg";fotos_site_com_marca/small/051677.jpg;fotos_site_com_marca/thumb/051677.jpg;1
G_CM_ACDC_CANHAO_BRANCA;Acdc Canhao Branca;+fotos_site_com_marca/051691.jpg;fotos_site_com_marca/051691.jpg;fotos_site_com_marca/small/051691.jpg;fotos_site_com_marca/thumb/051691.jpg;1
G_CM_ACDC_HELLS_BELLS;Acdc Hells Bells;+fotos_site_com_marca/052005.jpg;"fotos_site_com_marca/052005.jpg;fotos_site_com_marca/052005_C.jpg";fotos_site_com_marca/small/052005.jpg;fotos_site_com_marca/thumb/052005.jpg;1
G_CM_ACDC_HIGHWAY;Acdc Highway;+fotos_site_com_marca/052109.jpg;"fotos_site_com_marca/052109.jpg;fotos_site_com_marca/052109_C.jpg";fotos_site_com_marca/small/052109.jpg;fotos_site_com_marca/thumb/052109.jpg;1
G_CM_ALICE_IN_CHAINS_CACHORRO;Alice In Chains Cachorro;+fotos_site_com_marca/052017.jpg;"fotos_site_com_marca/052017.jpg;fotos_site_com_marca/052017_C.jpg";fotos_site_com_marca/small/052017.jpg;fotos_site_com_marca/thumb/052017.jpg;1
G_CM_ALICE_IN_CHAINS_CAVEIRA_COLORIDA;Alice In Chains Caveira Colorida;+fotos_site_com_marca/051316.jpg;"fotos_site_com_marca/051316.jpg;fotos_site_com_marca/051316_C.jpg";fotos_site_com_marca/small/051316.jpg;fotos_site_com_marca/thumb/051316.jpg;1
G_CM_ALICE_IN_CHAINS_SOL;Alice In Chains Sol;+fotos_site_com_marca/051102.jpg;fotos_site_com_marca/051102.jpg;fotos_site_com_marca/small/051102.jpg;fotos_site_com_marca/thumb/051102.jpg;1
G_CM_AMON_AMARTH_CINZA;Amon Amarth Cinza;+fotos_site_com_marca/051967.jpg;fotos_site_com_marca/051967.jpg;fotos_site_com_marca/small/051967.jpg;fotos_site_com_marca/thumb/051967.jpg;1
G_CM_AMON_AMARTH_MARTELO;Amon Amarth Martelo;+fotos_site_com_marca/051905.jpg;"fotos_site_com_marca/051905.jpg;fotos_site_com_marca/051905_C.jpg";fotos_site_com_marca/small/051905.jpg;fotos_site_com_marca/thumb/051905.jpg;1
G_CM_AMON_AMARTH_VERSUS;Amon Amarth Versus;+fotos_site_com_marca/053153.jpg;fotos_site_com_marca/053153.jpg;fotos_site_com_marca/small/053153.jpg;fotos_site_com_marca/thumb/053153.jpg;1
G_CM_AMY_CAVEIRA;Amy Caveira;+fotos_site_com_marca/051584.jpg;fotos_site_com_marca/051584.jpg;fotos_site_com_marca/small/051584.jpg;fotos_site_com_marca/thumb/051584.jpg;1
G_CM_ANGRA_TEMPLE;Angra Temple;+fotos_site_com_marca/052276.jpg;"fotos_site_com_marca/052276.jpg;fotos_site_com_marca/052276_C.jpg";fotos_site_com_marca/small/052276.jpg;fotos_site_com_marca/thumb/052276.jpg;1
G_CM_ANTHRAX_LAW;Anthrax Law;+fotos_site_com_marca/052165.jpg;"fotos_site_com_marca/052165.jpg;fotos_site_com_marca/052165_C.jpg";fotos_site_com_marca/small/052165.jpg;fotos_site_com_marca/thumb/052165.jpg;1
G_CM_ARCTIC_MONKEYS;Arctic Monkeys;+fotos_site_com_marca/051181.jpg;fotos_site_com_marca/051181.jpg;fotos_site_com_marca/small/051181.jpg;fotos_site_com_marca/thumb/051181.jpg;1
G_CM_ASKING;Asking;+fotos_site_com_marca/051737.jpg;fotos_site_com_marca/051737.jpg;fotos_site_com_marca/small/051737.jpg;fotos_site_com_marca/thumb/051737.jpg;1
G_CM_ASKING_COBRA;Asking Cobra;+fotos_site_com_marca/059133.jpg;"fotos_site_com_marca/059133.jpg;fotos_site_com_marca/059133_C.jpg";fotos_site_com_marca/small/059133.jpg;fotos_site_com_marca/thumb/059133.jpg;1
G_CM_ASKING_MULHER;Asking Mulher;+fotos_site_com_marca/058396.jpg;"fotos_site_com_marca/058396.jpg;fotos_site_com_marca/058396_C.jpg";fotos_site_com_marca/small/058396.jpg;fotos_site_com_marca/thumb/058396.jpg;1
G_CM_ASSASSINS_CREED;Assassins Creed;+fotos_site_com_marca/053623.jpg;"fotos_site_com_marca/053623.jpg;fotos_site_com_marca/053623_C.jpg";fotos_site_com_marca/small/053623.jpg;fotos_site_com_marca/thumb/053623.jpg;1
G_CM_ASSASSINS_CREED_FLAG;Assassins Creed Flag;+fotos_site_com_marca/059042.jpg;"fotos_site_com_marca/059042.jpg;fotos_site_com_marca/059042_C.jpg";fotos_site_com_marca/small/059042.jpg;fotos_site_com_marca/thumb/059042.jpg;1
G_CM_AVENGED_BANDA_AMARELA;Avenged Banda Amarela;+fotos_site_com_marca/051685.jpg;"fotos_site_com_marca/051685.jpg;fotos_site_com_marca/051685_C.jpg";fotos_site_com_marca/small/051685.jpg;fotos_site_com_marca/thumb/051685.jpg;1
G_CM_AVENGED_NIGHTMARE_MASTER_MASTER;Avenged Nightmare Master Master;+fotos_site_com_marca/052336.jpg;fotos_site_com_marca/052336.jpg;fotos_site_com_marca/small/052336.jpg;fotos_site_com_marca/thumb/052336.jpg;1
G_CM_AVENGED_TRADICIONAL;Avenged Tradicional;+fotos_site_com_marca/052635.jpg;"fotos_site_com_marca/052635.jpg;fotos_site_com_marca/052635_C.jpg";fotos_site_com_marca/small/052635.jpg;fotos_site_com_marca/thumb/052635.jpg;1
G_CM_BAD_RELIGION_CRUZ;Bad Religion Cruz;+fotos_site_com_marca/050714.jpg;fotos_site_com_marca/050714.jpg;fotos_site_com_marca/small/050714.jpg;fotos_site_com_marca/thumb/050714.jpg;1
G_CM_BATERIA_BRANCA;Bateria Branca;+fotos_site_com_marca/051600.jpg;fotos_site_com_marca/051600.jpg;fotos_site_com_marca/small/051600.jpg;fotos_site_com_marca/thumb/051600.jpg;1
G_CM_BATERIA_PRETA;Bateria Preta;+fotos_site_com_marca/051592.jpg;fotos_site_com_marca/051592.jpg;fotos_site_com_marca/small/051592.jpg;fotos_site_com_marca/thumb/051592.jpg;1
G_CM_BATHORY;Bathory;+fotos_site_com_marca/050575.jpg;fotos_site_com_marca/050575.jpg;fotos_site_com_marca/small/050575.jpg;fotos_site_com_marca/thumb/050575.jpg;1
G_CM_BAZINGA;Bazinga;+fotos_site_com_marca/053080.jpg;fotos_site_com_marca/053080.jpg;fotos_site_com_marca/small/053080.jpg;fotos_site_com_marca/thumb/053080.jpg;1
G_CM_BEATLES_AVIAO;Beatles Aviao;+fotos_site_com_marca/051699.jpg;fotos_site_com_marca/051699.jpg;fotos_site_com_marca/small/051699.jpg;fotos_site_com_marca/thumb/051699.jpg;1
G_CM_BEATLES_BANDA_BRANCA;Beatles Banda Branca;+fotos_site_com_marca/051743.jpg;fotos_site_com_marca/051743.jpg;fotos_site_com_marca/small/051743.jpg;fotos_site_com_marca/thumb/051743.jpg;1
G_CM_BEATLES_ROAD_ATRAVESSANDO;Beatles Road Atravessando;+fotos_site_com_marca/052386.jpg;"fotos_site_com_marca/052386.jpg;fotos_site_com_marca/052386_C.jpg";fotos_site_com_marca/small/052386.jpg;fotos_site_com_marca/thumb/052386.jpg;1
G_CM_BEATLES_SGT_PEPPERS;Beatles Sgt Peppers;+fotos_site_com_marca/052643.jpg;fotos_site_com_marca/052643.jpg;fotos_site_com_marca/small/052643.jpg;fotos_site_com_marca/thumb/052643.jpg;1
G_CM_BEATLES_YELLOW;Beatles Yellow;+fotos_site_com_marca/052551.jpg;"fotos_site_com_marca/052551.jpg;fotos_site_com_marca/052551_C.jpg";fotos_site_com_marca/small/052551.jpg;fotos_site_com_marca/thumb/052551.jpg;1
G_CM_BEZERRA;Bezerra;+fotos_site_com_marca/051466.jpg;fotos_site_com_marca/051466.jpg;fotos_site_com_marca/small/051466.jpg;fotos_site_com_marca/thumb/051466.jpg;1
G_CM_BLACK_LABEL_SOCIETY_PROFANUS;Black Label Society Profanus;+fotos_site_com_marca/051961.jpg;"fotos_site_com_marca/051961.jpg;fotos_site_com_marca/051961_C.jpg";fotos_site_com_marca/small/051961.jpg;fotos_site_com_marca/thumb/051961.jpg;1
G_CM_BLACK_LABEL_SOCIETY_SIMBOLO;Black Label Society Simbolo;+fotos_site_com_marca/051292.jpg;"fotos_site_com_marca/051292.jpg;fotos_site_com_marca/051292_C.jpg";fotos_site_com_marca/small/051292.jpg;fotos_site_com_marca/thumb/051292.jpg;1
G_CM_BLACK_SABBATH_BANDA_OZZY;Black Sabbath Banda Ozzy;+fotos_site_com_marca/051899.jpg;fotos_site_com_marca/051899.jpg;fotos_site_com_marca/small/051899.jpg;fotos_site_com_marca/thumb/051899.jpg;1
G_CM_BLACK_SABBATH_BANDA_OZZY_BRANCA;Black Sabbath Banda Ozzy Branca;+fotos_site_com_marca/051757.jpg;"fotos_site_com_marca/051757.jpg;fotos_site_com_marca/051757_C.jpg";fotos_site_com_marca/small/051757.jpg;fotos_site_com_marca/thumb/051757.jpg;1
G_CM_BLACK_SABBATH_CARICATURA_BRANCA;Black Sabbath Caricatura Branca;+fotos_site_com_marca/052947.jpg;fotos_site_com_marca/052947.jpg;fotos_site_com_marca/small/052947.jpg;fotos_site_com_marca/thumb/052947.jpg;1
G_CM_BLACK_SABBATH_COM_DIO;Black Sabbath Com Dio;;;;;2
G_CM_BLACK_SABBATH_HEAVEN_AND_HELL;Black Sabbath Heaven And Hell;+fotos_site_com_marca/052077.jpg;"fotos_site_com_marca/052077.jpg;fotos_site_com_marca/052077_C.jpg";fotos_site_com_marca/small/052077.jpg;fotos_site_com_marca/thumb/052077.jpg;1
G_CM_BLACK_SABBATH_MOB_RULES;Black Sabbath Mob Rules;+fotos_site_com_marca/051917.jpg;"fotos_site_com_marca/051917.jpg;fotos_site_com_marca/051917_C.jpg";fotos_site_com_marca/small/051917.jpg;fotos_site_com_marca/thumb/051917.jpg;1
G_CM_BLACK_SABBATH_ROXA;Black Sabbath Roxa;+fotos_site_com_marca/050496.jpg;"fotos_site_com_marca/050496.jpg;fotos_site_com_marca/050496_C.jpg";fotos_site_com_marca/small/050496.jpg;fotos_site_com_marca/thumb/050496.jpg;1
G_CM_BLACK_SABBATH_US_TOUR;Black Sabbath Us Tour;+fotos_site_com_marca/052972.jpg;fotos_site_com_marca/052972.jpg;fotos_site_com_marca/small/052972.jpg;fotos_site_com_marca/thumb/052972.jpg;1
G_CM_BLACK_SABBATH_VOL_4;Black Sabbath Vol 4;+fotos_site_com_marca/050280.jpg;fotos_site_com_marca/050280.jpg;fotos_site_com_marca/small/050280.jpg;fotos_site_com_marca/thumb/050280.jpg;1
G_CM_BLEACH_BRANCA_VIRUS;Bleach Branca Virus;+fotos_site_com_marca/053426.jpg;fotos_site_com_marca/053426.jpg;fotos_site_com_marca/small/053426.jpg;fotos_site_com_marca/thumb/053426.jpg;1
G_CM_BLEACH_PRETA_HCD;Bleach Preta Hcd;+fotos_site_com_marca/053482.jpg;"fotos_site_com_marca/053482.jpg;fotos_site_com_marca/053482_C.jpg";fotos_site_com_marca/small/053482.jpg;fotos_site_com_marca/thumb/053482.jpg;1
G_CM_BLIND_GUARDIAN;Blind Guardian;+fotos_site_com_marca/051847.jpg;fotos_site_com_marca/051847.jpg;fotos_site_com_marca/small/051847.jpg;fotos_site_com_marca/thumb/051847.jpg;1
G_CM_BON_JOVI_LOGO_DOURADO;Bon Jovi Logo Dourado;+fotos_site_com_marca/051368.jpg;"fotos_site_com_marca/051368.jpg;fotos_site_com_marca/051368_C.jpg";fotos_site_com_marca/small/051368.jpg;fotos_site_com_marca/thumb/051368.jpg;1
G_CM_BURZUM_DET_SOM;Burzum Det Som;+fotos_site_com_marca/051955.jpg;fotos_site_com_marca/051955.jpg;fotos_site_com_marca/small/051955.jpg;fotos_site_com_marca/thumb/051955.jpg;1
G_CM_BURZUM_FILOSOFEN;Burzum Filosofen;+fotos_site_com_marca/051869.jpg;fotos_site_com_marca/051869.jpg;fotos_site_com_marca/small/051869.jpg;fotos_site_com_marca/thumb/051869.jpg;1
G_CM_CALL_OF_DUTY_GHOSTS;Call Of Duty Ghosts;+fotos_site_com_marca/059050.jpg;"fotos_site_com_marca/059050.jpg;fotos_site_com_marca/059050_C.jpg";fotos_site_com_marca/small/059050.jpg;fotos_site_com_marca/thumb/059050.jpg;1
G_CM_CALL_OF_DUTY_MASCARA;Call Of Duty Mascara;+fotos_site_com_marca/059171.jpg;fotos_site_com_marca/059171.jpg;fotos_site_com_marca/small/059171.jpg;fotos_site_com_marca/thumb/059171.jpg;1
G_CM_CANDEIA;Candeia;+fotos_site_com_marca/052210.jpg;fotos_site_com_marca/052210.jpg;fotos_site_com_marca/small/052210.jpg;fotos_site_com_marca/thumb/052210.jpg;1
G_CM_CANNIBAL_CORPSE_ESVICERATION;Cannibal Corpse Esviceration;+fotos_site_com_marca/051835.jpg;fotos_site_com_marca/051835.jpg;fotos_site_com_marca/small/051835.jpg;fotos_site_com_marca/thumb/051835.jpg;1
G_CM_CANNIBAL_CORPSE_THE_WRETCHED;Cannibal Corpse The Wretched;+fotos_site_com_marca/051979.jpg;"fotos_site_com_marca/051979.jpg;fotos_site_com_marca/051979_C.jpg";fotos_site_com_marca/small/051979.jpg;fotos_site_com_marca/thumb/051979.jpg;1
G_CM_CARPA;Carpa;;;;;2
G_CM_CARTOLA_CAFE;Cartola Cafe;+fotos_site_com_marca/051498.jpg;fotos_site_com_marca/051498.jpg;fotos_site_com_marca/small/051498.jpg;fotos_site_com_marca/thumb/051498.jpg;1
G_CM_CARTOLA_VIOLAO;Cartola Violao;+fotos_site_com_marca/052835.jpg;fotos_site_com_marca/052835.jpg;fotos_site_com_marca/small/052835.jpg;fotos_site_com_marca/thumb/052835.jpg;1
G_CM_CAVEIRA_BATERISTA;Caveira Baterista;;;;;2
G_CM_CAVEIRA_CAVEIRA_GUITARRA_MACHADO;Caveira Caveira Guitarra Machado;+fotos_site_com_marca/051448.jpg;fotos_site_com_marca/051448.jpg;fotos_site_com_marca/small/051448.jpg;fotos_site_com_marca/thumb/051448.jpg;1
G_CM_CAVEIRA_CHAPEU_RAY;Caveira Chapeu Ray;+fotos_site_com_marca/051632.jpg;fotos_site_com_marca/051632.jpg;fotos_site_com_marca/small/051632.jpg;fotos_site_com_marca/thumb/051632.jpg;1
G_CM_CAVEIRA_FONE;Caveira Fone;+fotos_site_com_marca/051576.jpg;fotos_site_com_marca/051576.jpg;fotos_site_com_marca/small/051576.jpg;fotos_site_com_marca/thumb/051576.jpg;1
G_CM_CAVEIRA_MEXICANA_COLORIDA;Caveira Mexicana Colorida;+fotos_site_com_marca/052234.jpg;fotos_site_com_marca/052234.jpg;fotos_site_com_marca/small/052234.jpg;fotos_site_com_marca/thumb/052234.jpg;1
G_CM_CAVEIRA_MEXICANA_COLORIDA_BRANCA;Caveira Mexicana Colorida Branca;+fotos_site_com_marca/053790.jpg;fotos_site_com_marca/053790.jpg;fotos_site_com_marca/small/053790.jpg;fotos_site_com_marca/thumb/053790.jpg;1
G_CM_CAVEIRA_MEXICANA_P/B;Caveira Mexicana P/b;+fotos_site_com_marca/052242.jpg;fotos_site_com_marca/052242.jpg;fotos_site_com_marca/small/052242.jpg;fotos_site_com_marca/thumb/052242.jpg;1
G_CM_CAVEIRA_MEXICANA_ROSAS;Caveira Mexicana Rosas;+fotos_site_com_marca/053611.jpg;fotos_site_com_marca/053611.jpg;fotos_site_com_marca/small/053611.jpg;fotos_site_com_marca/thumb/053611.jpg;1
G_CM_CAVEIRA_MOTO_CINZA;Caveira Moto Cinza;+fotos_site_com_marca/051624.jpg;fotos_site_com_marca/051624.jpg;fotos_site_com_marca/small/051624.jpg;fotos_site_com_marca/thumb/051624.jpg;1
G_CM_CAVEIRA_MOTO_FOGO;Caveira Moto Fogo;+fotos_site_com_marca/052853.jpg;fotos_site_com_marca/052853.jpg;fotos_site_com_marca/small/052853.jpg;fotos_site_com_marca/thumb/052853.jpg;1
G_CM_CAVEIRA_TRONO;Caveira Trono;+fotos_site_com_marca/051648.jpg;fotos_site_com_marca/051648.jpg;fotos_site_com_marca/small/051648.jpg;fotos_site_com_marca/thumb/051648.jpg;1
G_CM_CHUCKY;Chucky;+fotos_site_com_marca/051608.jpg;fotos_site_com_marca/051608.jpg;fotos_site_com_marca/small/051608.jpg;fotos_site_com_marca/thumb/051608.jpg;1
G_CM_CM_G;Cm G;;;;;2
CMCMM00246;Cm M;;;;;2
CMCMP00147;Cm P;;;;;2
G_CM_CORINGA_CABELO_VERDE;Coringa Cabelo Verde;+fotos_site_com_marca/051490.jpg;fotos_site_com_marca/051490.jpg;fotos_site_com_marca/small/051490.jpg;fotos_site_com_marca/thumb/051490.jpg;1
G_CM_CORINGA_CARTA;Coringa Carta;+fotos_site_com_marca/052437.jpg;fotos_site_com_marca/052437.jpg;fotos_site_com_marca/small/052437.jpg;fotos_site_com_marca/thumb/052437.jpg;1
G_CM_DARK_SIDE_VADER;Dark Side Vader;+fotos_site_com_marca/051422.jpg;fotos_site_com_marca/051422.jpg;fotos_site_com_marca/small/051422.jpg;fotos_site_com_marca/thumb/051422.jpg;1
G_CM_DARK_THRONE;Dark Throne;+fotos_site_com_marca/050595.jpg;fotos_site_com_marca/050595.jpg;fotos_site_com_marca/small/050595.jpg;fotos_site_com_marca/thumb/050595.jpg;1
G_CM_DARTH_VADER_BRANCA;Darth Vader Branca;+fotos_site_com_marca/051474.jpg;fotos_site_com_marca/051474.jpg;fotos_site_com_marca/small/051474.jpg;fotos_site_com_marca/thumb/051474.jpg;1
G_CM_DAVID_CAVEIRA;David Caveira;+fotos_site_com_marca/051552.jpg;fotos_site_com_marca/051552.jpg;fotos_site_com_marca/small/051552.jpg;fotos_site_com_marca/thumb/051552.jpg;1
G_CM_DAVID_ROSTO;David Rosto;+fotos_site_com_marca/058385.jpg;fotos_site_com_marca/058385.jpg;fotos_site_com_marca/small/058385.jpg;fotos_site_com_marca/thumb/058385.jpg;1
G_CM_DEATH_LOGO;Death Logo;+fotos_site_com_marca/051881.jpg;fotos_site_com_marca/051881.jpg;fotos_site_com_marca/small/051881.jpg;fotos_site_com_marca/thumb/051881.jpg;1
G_CM_DEATH_NOTE_BRANCA_VIRUS;Death Note Branca Virus;+fotos_site_com_marca/053434.jpg;fotos_site_com_marca/053434.jpg;fotos_site_com_marca/small/053434.jpg;fotos_site_com_marca/thumb/053434.jpg;1
G_CM_DEATH_NOTE_PRETA_HCD;Death Note Preta Hcd;+fotos_site_com_marca/053474.jpg;"fotos_site_com_marca/053474.jpg;fotos_site_com_marca/053474_C.jpg";fotos_site_com_marca/small/053474.jpg;fotos_site_com_marca/thumb/053474.jpg;1
G_CM_DEEP_PURPLE_IN_ROCK;Deep Purple In Rock;;;;;2
G_CM_DEF_LEPPARD_PYROMANIA;Def Leppard Pyromania;+fotos_site_com_marca/052083.jpg;"fotos_site_com_marca/052083.jpg;fotos_site_com_marca/052083_C.jpg";fotos_site_com_marca/small/052083.jpg;fotos_site_com_marca/thumb/052083.jpg;1
G_CM_DEICEIDE_TO_HELL;Deiceide To Hell;+fotos_site_com_marca/052171.jpg;"fotos_site_com_marca/052171.jpg;fotos_site_com_marca/052171_C.jpg";fotos_site_com_marca/small/052171.jpg;fotos_site_com_marca/thumb/052171.jpg;1
G_CM_DESTRUCTION;Destruction;;;;;2
G_CM_DIMMU_BORGIR_PENTAGRAMA;Dimmu Borgir Pentagrama;+fotos_site_com_marca/050639.jpg;fotos_site_com_marca/050639.jpg;fotos_site_com_marca/small/050639.jpg;fotos_site_com_marca/thumb/050639.jpg;1
G_CM_DIO_HOLY_DIVER;Dio Holy Diver;+fotos_site_com_marca/053171.jpg;"fotos_site_com_marca/053171.jpg;fotos_site_com_marca/053171_C.jpg";fotos_site_com_marca/small/053171.jpg;fotos_site_com_marca/thumb/053171.jpg;1
G_CM_DISTURBED;Disturbed;+fotos_site_com_marca/052035.jpg;"fotos_site_com_marca/052035.jpg;fotos_site_com_marca/052035_C.jpg";fotos_site_com_marca/small/052035.jpg;fotos_site_com_marca/thumb/052035.jpg;1
G_CM_DOORS_AZUL;Doors Azul;+fotos_site_com_marca/050089.jpg;"fotos_site_com_marca/050089.jpg;fotos_site_com_marca/050089_C.jpg";fotos_site_com_marca/small/050089.jpg;fotos_site_com_marca/thumb/050089.jpg;1
G_CM_DOORS_MORRISON_BRANCA;Doors Morrison Branca;;;;;2
G_CM_DREAM_THEATER_AWAKEN;Dream Theater Awaken;+fotos_site_com_marca/050544.jpg;"fotos_site_com_marca/050544.jpg;fotos_site_com_marca/050544_C.jpg";fotos_site_com_marca/small/050544.jpg;fotos_site_com_marca/thumb/050544.jpg;1
G_CM_DREAM_THEATER_BLACK_CLOUDS;Dream Theater Black Clouds;+fotos_site_com_marca/051851.jpg;"fotos_site_com_marca/051851.jpg;fotos_site_com_marca/051851_C.jpg";fotos_site_com_marca/small/051851.jpg;fotos_site_com_marca/thumb/051851.jpg;1
G_CM_DREAM_THEATER_METROPOLIS;Dream Theater Metropolis;+fotos_site_com_marca/052262.jpg;fotos_site_com_marca/052262.jpg;fotos_site_com_marca/small/052262.jpg;fotos_site_com_marca/thumb/052262.jpg;1
G_CM_DRI_AZUL;Dri Azul;+fotos_site_com_marca/052483.jpg;"fotos_site_com_marca/052483.jpg;fotos_site_com_marca/052483_C.jpg";fotos_site_com_marca/small/052483.jpg;fotos_site_com_marca/thumb/052483.jpg;1
G_CM_DRI_BRANCA;Dri Branca;+fotos_site_com_marca/051929.jpg;fotos_site_com_marca/051929.jpg;fotos_site_com_marca/small/051929.jpg;fotos_site_com_marca/thumb/051929.jpg;1
G_CM_ELVIS_VIOLAO;Elvis Violao;+fotos_site_com_marca/059020.jpg;fotos_site_com_marca/059020.jpg;fotos_site_com_marca/small/059020.jpg;fotos_site_com_marca/thumb/059020.jpg;1
G_CM_ENGENHEIROS_AZUL;Engenheiros Azul;+fotos_site_com_marca/051250.jpg;fotos_site_com_marca/051250.jpg;fotos_site_com_marca/small/051250.jpg;fotos_site_com_marca/thumb/051250.jpg;1
G_CM_EVANESCENCE_BANDA_NOVA_MASTER;Evanescence Banda Nova Master;+fotos_site_com_marca/052372.jpg;"fotos_site_com_marca/052372.jpg;fotos_site_com_marca/052372_C.jpg";fotos_site_com_marca/small/052372.jpg;fotos_site_com_marca/thumb/052372.jpg;1
G_CM_EVANESCENCE_BANDA_VELHA_AZUL;Evanescence Banda Velha Azul;+fotos_site_com_marca/052268.jpg;"fotos_site_com_marca/052268.jpg;fotos_site_com_marca/052268_C.jpg";fotos_site_com_marca/small/052268.jpg;fotos_site_com_marca/thumb/052268.jpg;1
G_CM_EVANESCENCE_OLHOS_AZUIS;Evanescence Olhos Azuis;+fotos_site_com_marca/050659.jpg;fotos_site_com_marca/050659.jpg;fotos_site_com_marca/small/050659.jpg;fotos_site_com_marca/thumb/050659.jpg;1
G_CM_EXODUS_BLACK_ANGEL;Exodus Black Angel;+fotos_site_com_marca/052123.jpg;"fotos_site_com_marca/052123.jpg;fotos_site_com_marca/052123_C.jpg";fotos_site_com_marca/small/052123.jpg;fotos_site_com_marca/thumb/052123.jpg;1
G_CM_FENDER;Fender;+fotos_site_com_marca/050710.jpg;fotos_site_com_marca/050710.jpg;fotos_site_com_marca/small/050710.jpg;fotos_site_com_marca/thumb/050710.jpg;1
G_CM_FOO_FIGHTERS;Foo Fighters;+fotos_site_com_marca/050372.jpg;fotos_site_com_marca/050372.jpg;fotos_site_com_marca/small/050372.jpg;fotos_site_com_marca/thumb/050372.jpg;1
G_CM_GAME_OF_THRONES_ANAO;Game Of Thrones Anao;+fotos_site_com_marca/059058.jpg;fotos_site_com_marca/059058.jpg;fotos_site_com_marca/small/059058.jpg;fotos_site_com_marca/thumb/059058.jpg;1
G_CM_GAME_OF_THRONES_DRAGAO;Game Of Thrones Dragao;+fotos_site_com_marca/052571.jpg;"fotos_site_com_marca/052571.jpg;fotos_site_com_marca/052571_C.jpg";fotos_site_com_marca/small/052571.jpg;fotos_site_com_marca/thumb/052571.jpg;1
G_CM_GAME_OF_THRONES_LOBO;Game Of Thrones Lobo;+fotos_site_com_marca/052561.jpg;"fotos_site_com_marca/052561.jpg;fotos_site_com_marca/052561_C.jpg";fotos_site_com_marca/small/052561.jpg;fotos_site_com_marca/thumb/052561.jpg;1
G_CM_GAMES_CHIFRE;Games Chifre;+fotos_site_com_marca/059335.jpg;"fotos_site_com_marca/059335.jpg;fotos_site_com_marca/059335_C.jpg";fotos_site_com_marca/small/059335.jpg;fotos_site_com_marca/thumb/059335.jpg;1
G_CM_GHOST_AZUL;Ghost Azul;+fotos_site_com_marca/052141.jpg;fotos_site_com_marca/052141.jpg;fotos_site_com_marca/small/052141.jpg;fotos_site_com_marca/thumb/052141.jpg;1
G_CM_GHOST_MULHER;Ghost Mulher;+fotos_site_com_marca/053147.jpg;"fotos_site_com_marca/053147.jpg;fotos_site_com_marca/053147_C.jpg";fotos_site_com_marca/small/053147.jpg;fotos_site_com_marca/thumb/053147.jpg;1
G_CM_GIBSON;Gibson;+fotos_site_com_marca/050704.jpg;fotos_site_com_marca/050704.jpg;fotos_site_com_marca/small/050704.jpg;fotos_site_com_marca/thumb/050704.jpg;1
G_CM_GOD_OF_WAR_HCD;God Of War Hcd;+fotos_site_com_marca/053464.jpg;fotos_site_com_marca/053464.jpg;fotos_site_com_marca/small/053464.jpg;fotos_site_com_marca/thumb/053464.jpg;1
G_CM_GOD_OF_WAR_JOAO;God Of War Joao;;;;;2
G_CM_GOD_OF_WAR_MASTER;God Of War Master;+fotos_site_com_marca/059125.jpg;"fotos_site_com_marca/059125.jpg;fotos_site_com_marca/059125_C.jpg";fotos_site_com_marca/small/059125.jpg;fotos_site_com_marca/thumb/059125.jpg;1
G_CM_GOD_OF_WAR_NOVA;God Of War Nova;+fotos_site_com_marca/051773.jpg;fotos_site_com_marca/051773.jpg;fotos_site_com_marca/small/051773.jpg;fotos_site_com_marca/thumb/051773.jpg;1
G_CM_GREEN_DAY_AMERICAN_IDIOT;Green Day American Idiot;+fotos_site_com_marca/050645.jpg;"fotos_site_com_marca/050645.jpg;fotos_site_com_marca/050645_C.jpg";fotos_site_com_marca/small/050645.jpg;fotos_site_com_marca/thumb/050645.jpg;1
G_CM_GUITARRA;Guitarra;+fotos_site_com_marca/051484.jpg;fotos_site_com_marca/051484.jpg;fotos_site_com_marca/small/051484.jpg;fotos_site_com_marca/thumb/051484.jpg;1
G_CM_GUNS_APPETITE;Guns Appetite;+fotos_site_com_marca/052459.jpg;"fotos_site_com_marca/052459.jpg;fotos_site_com_marca/052459_C.jpg";fotos_site_com_marca/small/052459.jpg;fotos_site_com_marca/thumb/052459.jpg;1
G_CM_GUNS_AXL_CANTANDO;Guns Axl Cantando;+fotos_site_com_marca/052288.jpg;"fotos_site_com_marca/052288.jpg;fotos_site_com_marca/052288_C.jpg";fotos_site_com_marca/small/052288.jpg;fotos_site_com_marca/thumb/052288.jpg;1
G_CM_GUNS_BANDA_PROFANUS;Guns Banda Profanus;;;;;2
G_CM_GUNS_BANDA_VIRUS;Guns Banda Virus;;;;;2
G_CM_GUNS_CAVEIRA_CARTOLA_EQUINOX;Guns Caveira Cartola Equinox;+fotos_site_com_marca/050474.jpg;"fotos_site_com_marca/050474.jpg;fotos_site_com_marca/050474_C.jpg";fotos_site_com_marca/small/050474.jpg;fotos_site_com_marca/thumb/050474.jpg;1
G_CM_GUNS_CAVEIRA_CARTOLA_MASTER;Guns Caveira Cartola Master;+fotos_site_com_marca/052477.jpg;"fotos_site_com_marca/052477.jpg;fotos_site_com_marca/052477_C.jpg";fotos_site_com_marca/small/052477.jpg;fotos_site_com_marca/thumb/052477.jpg;1
G_CM_GUNS_DOURADA;Guns Dourada;;;;;2
G_CM_GUNS_LOGO_GRANDE_JOAO;Guns Logo Grande Joao;+fotos_site_com_marca/052675.jpg;"fotos_site_com_marca/052675.jpg;fotos_site_com_marca/052675_C.jpg";fotos_site_com_marca/small/052675.jpg;fotos_site_com_marca/thumb/052675.jpg;1
G_CM_GUNS_LOGO_GRANDE_MASTER;Guns Logo Grande Master;+fotos_site_com_marca/053820.jpg;"fotos_site_com_marca/053820.jpg;fotos_site_com_marca/053820_C.jpg";fotos_site_com_marca/small/053820.jpg;fotos_site_com_marca/thumb/053820.jpg;1
G_CM_GUNS_NOME_GRANDE;Guns Nome Grande;+fotos_site_com_marca/052683.jpg;"fotos_site_com_marca/052683.jpg;fotos_site_com_marca/052683_C.jpg";fotos_site_com_marca/small/052683.jpg;fotos_site_com_marca/thumb/052683.jpg;1
G_CM_GUNS_PRATA;Guns Prata;;;;;2
G_CM_GUNS_SLASH_CINZA;Guns Slash Cinza;+fotos_site_com_marca/052691.jpg;fotos_site_com_marca/052691.jpg;fotos_site_com_marca/small/052691.jpg;fotos_site_com_marca/thumb/052691.jpg;1
G_CM_HARLEY_AGUIA;Harley Aguia;+fotos_site_com_marca/051616.jpg;fotos_site_com_marca/051616.jpg;fotos_site_com_marca/small/051616.jpg;fotos_site_com_marca/thumb/051616.jpg;1
G_CM_HARLEY_DAVIDSON_TRADICIONAL;Harley Davidson Tradicional;+fotos_site_com_marca/051225.jpg;fotos_site_com_marca/051225.jpg;fotos_site_com_marca/small/051225.jpg;fotos_site_com_marca/thumb/051225.jpg;1
G_CM_HARLEY_MALHA_CINZA;Harley Malha Cinza;+fotos_site_com_marca/053770.jpg;fotos_site_com_marca/053770.jpg;fotos_site_com_marca/small/053770.jpg;fotos_site_com_marca/thumb/053770.jpg;1
G_CM_HARLEY_MOTO_CINZA;Harley Moto Cinza;+fotos_site_com_marca/052990.jpg;fotos_site_com_marca/052990.jpg;fotos_site_com_marca/small/052990.jpg;fotos_site_com_marca/thumb/052990.jpg;1
G_CM_HARLEY_MOTO_COLOR;Harley Moto Color;+fotos_site_com_marca/052998.jpg;fotos_site_com_marca/052998.jpg;fotos_site_com_marca/small/052998.jpg;fotos_site_com_marca/thumb/052998.jpg;1
G_CM_HARLEY_MOTO_VIRUS;Harley Moto Virus;;;;;2
G_CM_HEINEKEN_HENDRIX;Heineken Hendrix;+fotos_site_com_marca/051478.jpg;fotos_site_com_marca/051478.jpg;fotos_site_com_marca/small/051478.jpg;fotos_site_com_marca/thumb/051478.jpg;1
G_CM_HEINEKEN_VERDE;Heineken Verde;+fotos_site_com_marca/051193.jpg;fotos_site_com_marca/051193.jpg;fotos_site_com_marca/small/051193.jpg;fotos_site_com_marca/thumb/051193.jpg;1
G_CM_HELLOWEEN_HELL;Helloween Hell;;;;;2
G_CM_HELLOWEEN_KEEPER_PART_1;Helloween Keeper Part 1;+fotos_site_com_marca/052471.jpg;"fotos_site_com_marca/052471.jpg;fotos_site_com_marca/052471_C.jpg";fotos_site_com_marca/small/052471.jpg;fotos_site_com_marca/thumb/052471.jpg;1
G_CM_HELLRAISER;Hellraiser;+fotos_site_com_marca/053834.jpg;"fotos_site_com_marca/053834.jpg;fotos_site_com_marca/053834_C.jpg";fotos_site_com_marca/small/053834.jpg;fotos_site_com_marca/thumb/053834.jpg;1
G_CM_HENDRIX_CIGARRO;Hendrix Cigarro;+fotos_site_com_marca/050306.jpg;"fotos_site_com_marca/050306.jpg;fotos_site_com_marca/050306_C.jpg";fotos_site_com_marca/small/050306.jpg;fotos_site_com_marca/thumb/050306.jpg;1
G_CM_HENDRIX_EXPERIENCE;Hendrix Experience;+fotos_site_com_marca/053617.jpg;fotos_site_com_marca/053617.jpg;fotos_site_com_marca/small/053617.jpg;fotos_site_com_marca/thumb/053617.jpg;1
CMCMM00045;Hendrix Rosto;;;;;2
G_CM_IBANEZ;Ibanez;;;;;2
G_CM_INDIO_COCAR;Indio Cocar;+fotos_site_com_marca/051534.jpg;fotos_site_com_marca/051534.jpg;fotos_site_com_marca/small/051534.jpg;fotos_site_com_marca/thumb/051534.jpg;1
G_CM_IRON_ALBUM;Iron Album;+fotos_site_com_marca/052465.jpg;"fotos_site_com_marca/052465.jpg;fotos_site_com_marca/052465_C.jpg";fotos_site_com_marca/small/052465.jpg;fotos_site_com_marca/thumb/052465.jpg;1
CMCMP00108;Iron Cara Amarela;;;;;2
G_CM_IRON_EDDIE_COMENDO;Iron Eddie Comendo;;;;;2
G_CM_IRON_FEAR;Iron Fear;+fotos_site_com_marca/052300.jpg;"fotos_site_com_marca/052300.jpg;fotos_site_com_marca/052300_C.jpg";fotos_site_com_marca/small/052300.jpg;fotos_site_com_marca/thumb/052300.jpg;1
G_CM_IRON_FRONTIER;Iron Frontier;+fotos_site_com_marca/052342.jpg;"fotos_site_com_marca/052342.jpg;fotos_site_com_marca/052342_C.jpg";fotos_site_com_marca/small/052342.jpg;fotos_site_com_marca/thumb/052342.jpg;1
G_CM_IRON_FUZIL;Iron Fuzil;;;;;2
G_CM_IRON_KILLERS_EQUINOX;Iron Killers Equinox;+fotos_site_com_marca/051392.jpg;"fotos_site_com_marca/051392.jpg;fotos_site_com_marca/051392_C.jpg";fotos_site_com_marca/small/051392.jpg;fotos_site_com_marca/thumb/051392.jpg;1
G_CM_IRON_KILLERS_MASTER;Iron Killers Master;+fotos_site_com_marca/052312.jpg;"fotos_site_com_marca/052312.jpg;fotos_site_com_marca/052312_C.jpg";fotos_site_com_marca/small/052312.jpg;fotos_site_com_marca/thumb/052312.jpg;1
G_CM_IRON_LIVE_AFTER;Iron Live After;;;;;2
G_CM_IRON_NUMBER;Iron Number;+fotos_site_com_marca/051717.jpg;"fotos_site_com_marca/051717.jpg;fotos_site_com_marca/051717_C.jpg";fotos_site_com_marca/small/051717.jpg;fotos_site_com_marca/thumb/051717.jpg;1
G_CM_IRON_POWERSLAVE;Iron Powerslave;+fotos_site_com_marca/052282.jpg;"fotos_site_com_marca/052282.jpg;fotos_site_com_marca/052282_C.jpg";fotos_site_com_marca/small/052282.jpg;fotos_site_com_marca/thumb/052282.jpg;1
G_CM_IRON_TROOPER_A_PE;Iron Trooper A Pe;+fotos_site_com_marca/052661.jpg;fotos_site_com_marca/052661.jpg;fotos_site_com_marca/small/052661.jpg;fotos_site_com_marca/thumb/052661.jpg;1
G_CM_IRON_TROOPER_CAVALO;Iron Trooper Cavalo;+fotos_site_com_marca/052366.jpg;"fotos_site_com_marca/052366.jpg;fotos_site_com_marca/052366_C.jpg";fotos_site_com_marca/small/052366.jpg;fotos_site_com_marca/thumb/052366.jpg;1
G_CM_JACK_DANIELS;Jack Daniels;+fotos_site_com_marca/052541.jpg;"fotos_site_com_marca/052541.jpg;fotos_site_com_marca/052541_C.jpg";fotos_site_com_marca/small/052541.jpg;fotos_site_com_marca/thumb/052541.jpg;1
G_CM_JAMES_BROWN;James Brown;+fotos_site_com_marca/059028.jpg;fotos_site_com_marca/059028.jpg;fotos_site_com_marca/small/059028.jpg;fotos_site_com_marca/thumb/059028.jpg;1
G_CM_JANIS_ESCRITO_LADO;Janis Escrito Lado;+fotos_site_com_marca/050105.jpg;"fotos_site_com_marca/050105.jpg;fotos_site_com_marca/050105_C.jpg";fotos_site_com_marca/small/050105.jpg;fotos_site_com_marca/thumb/050105.jpg;1
G_CM_JASON_FACAO;Jason Facao;+fotos_site_com_marca/051640.jpg;fotos_site_com_marca/051640.jpg;fotos_site_com_marca/small/051640.jpg;fotos_site_com_marca/thumb/051640.jpg;1
G_CM_JASON_MASCARA;Jason Mascara;+fotos_site_com_marca/051949.jpg;fotos_site_com_marca/051949.jpg;fotos_site_com_marca/small/051949.jpg;fotos_site_com_marca/thumb/051949.jpg;1
G_CM_JETHRO_TULL_AQUALUNG;Jethro Tull Aqualung;+fotos_site_com_marca/052101.jpg;"fotos_site_com_marca/052101.jpg;fotos_site_com_marca/052101_C.jpg";fotos_site_com_marca/small/052101.jpg;fotos_site_com_marca/thumb/052101.jpg;1
G_CM_JETHRO_TULL_PAST;Jethro Tull Past;+fotos_site_com_marca/051258.jpg;"fotos_site_com_marca/051258.jpg;fotos_site_com_marca/051258_C.jpg";fotos_site_com_marca/small/051258.jpg;fotos_site_com_marca/thumb/051258.jpg;1
G_CM_JIM_CAVEIRA_BRACOS;Jim Caveira Bracos;+fotos_site_com_marca/052520.jpg;fotos_site_com_marca/052520.jpg;fotos_site_com_marca/small/052520.jpg;fotos_site_com_marca/thumb/052520.jpg;1
G_CM_JIMI_BLACK;Jimi Black;+fotos_site_com_marca/051568.jpg;fotos_site_com_marca/051568.jpg;fotos_site_com_marca/small/051568.jpg;fotos_site_com_marca/thumb/051568.jpg;1
G_CM_JIMI_CHAPEU;Jimi Chapeu;+fotos_site_com_marca/051560.jpg;fotos_site_com_marca/051560.jpg;fotos_site_com_marca/small/051560.jpg;fotos_site_com_marca/thumb/051560.jpg;1
G_CM_JOAO_NOGUEIRA;Joao Nogueira;+fotos_site_com_marca/053898.jpg;fotos_site_com_marca/053898.jpg;fotos_site_com_marca/small/053898.jpg;fotos_site_com_marca/thumb/053898.jpg;1
G_CM_JOHNNY_CASH_HCD;Johnny Cash Hcd;+fotos_site_com_marca/053498.jpg;fotos_site_com_marca/053498.jpg;fotos_site_com_marca/small/053498.jpg;fotos_site_com_marca/thumb/053498.jpg;1
G_CM_JOY_DIVISION;Joy Division;+fotos_site_com_marca/051348.jpg;fotos_site_com_marca/051348.jpg;fotos_site_com_marca/small/051348.jpg;fotos_site_com_marca/thumb/051348.jpg;1
G_CM_JOY_DIVISION_CANTANDO;Joy Division Cantando;+fotos_site_com_marca/053904.jpg;fotos_site_com_marca/053904.jpg;fotos_site_com_marca/small/053904.jpg;fotos_site_com_marca/thumb/053904.jpg;1
G_CM_JUDAS_PAINKILLER;Judas Painkiller;;;;;2
G_CM_JUDAS_PRIEST_STEEL;Judas Priest Steel;+fotos_site_com_marca/052011.jpg;fotos_site_com_marca/052011.jpg;fotos_site_com_marca/small/052011.jpg;fotos_site_com_marca/thumb/052011.jpg;1
G_CM_JUSTICEIRO_CAVEIRA_BRANCA;Justiceiro Caveira Branca;;;;;2
G_CM_JUSTICEIRO_CINZA;Justiceiro Cinza;;;;;2
CMCMP00280;Killers Master;+fotos_site_com_marca/052925.jpg;"fotos_site_com_marca/052925.jpg;fotos_site_com_marca/052925_C.jpg";fotos_site_com_marca/small/052925.jpg;fotos_site_com_marca/thumb/052925.jpg;1
G_CM_KISS_DESTROYER;Kiss Destroyer;+fotos_site_com_marca/053840.jpg;"fotos_site_com_marca/053840.jpg;fotos_site_com_marca/053840_C.jpg";fotos_site_com_marca/small/053840.jpg;fotos_site_com_marca/thumb/053840.jpg;1
G_CM_KISS_DYNASTY;Kiss Dynasty;+fotos_site_com_marca/053846.jpg;"fotos_site_com_marca/053846.jpg;fotos_site_com_marca/053846_C.jpg";fotos_site_com_marca/small/053846.jpg;fotos_site_com_marca/thumb/053846.jpg;1
G_CM_KISS_ROCK_AND_ROLL;Kiss Rock And Roll;+fotos_site_com_marca/051811.jpg;fotos_site_com_marca/051811.jpg;fotos_site_com_marca/small/051811.jpg;fotos_site_com_marca/thumb/051811.jpg;1
G_CM_KORN_ESCRITO;Korn Escrito;+fotos_site_com_marca/050344.jpg;fotos_site_com_marca/050344.jpg;fotos_site_com_marca/small/050344.jpg;fotos_site_com_marca/thumb/050344.jpg;1
G_CM_KORN_UNTOUCHBLES;Korn Untouchbles;;;;;2
G_CM_KREATOR_PHANTOM;Kreator Phantom;+fotos_site_com_marca/052197.jpg;"fotos_site_com_marca/052197.jpg;fotos_site_com_marca/052197_C.jpg";fotos_site_com_marca/small/052197.jpg;fotos_site_com_marca/thumb/052197.jpg;1
G_CM_KREATOR_PLEASURE;Kreator Pleasure;+fotos_site_com_marca/051893.jpg;"fotos_site_com_marca/051893.jpg;fotos_site_com_marca/051893_C.jpg";fotos_site_com_marca/small/051893.jpg;fotos_site_com_marca/thumb/051893.jpg;1
G_CM_LARANJA_MECANICA;Laranja Mecanica;+fotos_site_com_marca/052611.jpg;fotos_site_com_marca/052611.jpg;fotos_site_com_marca/small/052611.jpg;fotos_site_com_marca/thumb/052611.jpg;1
G_CM_LEAGUE_OF_LEGENDS;League Of Legends;+fotos_site_com_marca/053506.jpg;fotos_site_com_marca/053506.jpg;fotos_site_com_marca/small/053506.jpg;fotos_site_com_marca/thumb/053506.jpg;1
G_CM_LED_ZEPPELIN_ANJO_COLORIDO;Led Zeppelin Anjo Colorido;+fotos_site_com_marca/051711.jpg;"fotos_site_com_marca/051711.jpg;fotos_site_com_marca/051711_C.jpg";fotos_site_com_marca/small/051711.jpg;fotos_site_com_marca/thumb/051711.jpg;1
G_CM_LED_ZEPPELIN_ANJO_DOURADO;Led Zeppelin Anjo Dourado;+fotos_site_com_marca/050129.jpg;"fotos_site_com_marca/050129.jpg;fotos_site_com_marca/050129_C.jpg";fotos_site_com_marca/small/050129.jpg;fotos_site_com_marca/thumb/050129.jpg;1
G_CM_LED_ZEPPELIN_BANDA_AMARELA;Led Zeppelin Banda Amarela;+fotos_site_com_marca/052489.jpg;"fotos_site_com_marca/052489.jpg;fotos_site_com_marca/052489_C.jpg";fotos_site_com_marca/small/052489.jpg;fotos_site_com_marca/thumb/052489.jpg;1
G_CM_LED_ZEPPELIN_EREMITA;Led Zeppelin Eremita;+fotos_site_com_marca/050665.jpg;"fotos_site_com_marca/050665.jpg;fotos_site_com_marca/050665_C.jpg";fotos_site_com_marca/small/050665.jpg;fotos_site_com_marca/thumb/050665.jpg;1
G_CM_LED_ZEPPELIN_MOTHERSHIP;Led Zeppelin Mothership;+fotos_site_com_marca/051354.jpg;"fotos_site_com_marca/051354.jpg;fotos_site_com_marca/051354_C.jpg";fotos_site_com_marca/small/051354.jpg;fotos_site_com_marca/thumb/051354.jpg;1
G_CM_LEGIAO_URBANA_4_ESTACOES;Legiao Urbana 4 Estacoes;+fotos_site_com_marca/050137.jpg;"fotos_site_com_marca/050137.jpg;fotos_site_com_marca/050137_C.jpg";fotos_site_com_marca/small/050137.jpg;fotos_site_com_marca/thumb/050137.jpg;1
G_CM_LEGIAO_URBANA_BANDA_AZUL_MASTER;Legiao Urbana Banda Azul Master;+fotos_site_com_marca/052328.jpg;"fotos_site_com_marca/052328.jpg;fotos_site_com_marca/052328_C.jpg";fotos_site_com_marca/small/052328.jpg;fotos_site_com_marca/thumb/052328.jpg;1
CMCMGG00051;Legiao Urbana Bonequinhos;;;;;2
G_CM_LEGIAO_URBANA_DOURADA;Legiao Urbana Dourada;+fotos_site_com_marca/050336.jpg;"fotos_site_com_marca/050336.jpg;fotos_site_com_marca/050336_C.jpg";fotos_site_com_marca/small/050336.jpg;fotos_site_com_marca/thumb/050336.jpg;1
G_CM_LEGIAO_URBANA_FAROESTE;Legiao Urbana Faroeste;+fotos_site_com_marca/052306.jpg;fotos_site_com_marca/052306.jpg;fotos_site_com_marca/small/052306.jpg;fotos_site_com_marca/thumb/052306.jpg;1
G_CM_LEGIAO_URBANA_VERDE;Legiao Urbana Verde;+fotos_site_com_marca/050290.jpg;"fotos_site_com_marca/050290.jpg;fotos_site_com_marca/050290_C.jpg";fotos_site_com_marca/small/050290.jpg;fotos_site_com_marca/thumb/050290.jpg;1
G_CM_LINKIN_PARK_METEORA;Linkin Park Meteora;+fotos_site_com_marca/050591.jpg;"fotos_site_com_marca/050591.jpg;fotos_site_com_marca/050591_C.jpg";fotos_site_com_marca/small/050591.jpg;fotos_site_com_marca/thumb/050591.jpg;1
G_CM_LINKIN_PARK_ROAD_ESCRITO_BRANCO;Linkin Park Road Escrito Branco;+fotos_site_com_marca/051398.jpg;"fotos_site_com_marca/051398.jpg;fotos_site_com_marca/051398_C.jpg";fotos_site_com_marca/small/051398.jpg;fotos_site_com_marca/thumb/051398.jpg;1
G_CM_LINKIN_PARK_SOLDADO_HYBRID;Linkin Park Soldado Hybrid;+fotos_site_com_marca/050454.jpg;fotos_site_com_marca/050454.jpg;fotos_site_com_marca/small/050454.jpg;fotos_site_com_marca/thumb/050454.jpg;1
G_CM_LYNYRD_CAVEIRA;Lynyrd Caveira;;;;;2
CMCMP00133;Lynyrd Escrito;;;;;2
G_CM_MARILYN_CAVEIRA;Marilyn Caveira;+fotos_site_com_marca/059036.jpg;fotos_site_com_marca/059036.jpg;fotos_site_com_marca/small/059036.jpg;fotos_site_com_marca/thumb/059036.jpg;1
G_CM_MARILYN_MANSON;Marilyn Manson;+fotos_site_com_marca/052272.jpg;"fotos_site_com_marca/052272.jpg;fotos_site_com_marca/052272_C.jpg";fotos_site_com_marca/small/052272.jpg;fotos_site_com_marca/thumb/052272.jpg;1
G_CM_MARIO_LUIGI;Mario Luigi;+fotos_site_com_marca/053440.jpg;fotos_site_com_marca/053440.jpg;fotos_site_com_marca/small/053440.jpg;fotos_site_com_marca/thumb/053440.jpg;1
G_CM_MARSHALL;Marshall;+fotos_site_com_marca/050698.jpg;fotos_site_com_marca/050698.jpg;fotos_site_com_marca/small/050698.jpg;fotos_site_com_marca/thumb/050698.jpg;1
G_CM_MASCULINA;Masculina;;;;;2
G_CM_MAYHEM;Mayhem;;;;;2
G_CM_MAYHEM_AZUL;Mayhem Azul;+fotos_site_com_marca/050516.jpg;fotos_site_com_marca/050516.jpg;fotos_site_com_marca/small/050516.jpg;fotos_site_com_marca/thumb/050516.jpg;1
G_CM_MEGADETH_BOMBA;Megadeth Bomba;+fotos_site_com_marca/051831.jpg;"fotos_site_com_marca/051831.jpg;fotos_site_com_marca/051831_C.jpg";fotos_site_com_marca/small/051831.jpg;fotos_site_com_marca/thumb/051831.jpg;1
G_CM_MEGADETH_CAVEIRA;Megadeth Caveira;;;;;2
G_CM_MEGADETH_CAVEIRA_MASTER;Megadeth Caveira Master;+fotos_site_com_marca/053512.jpg;"fotos_site_com_marca/053512.jpg;fotos_site_com_marca/053512_C.jpg";fotos_site_com_marca/small/053512.jpg;fotos_site_com_marca/thumb/053512.jpg;1
G_CM_MEGADETH_CAVEIRA_PROFANUS;Megadeth Caveira Profanus;;;;;2
G_CM_MEGADETH_RUST;Megadeth Rust;+fotos_site_com_marca/053826.jpg;fotos_site_com_marca/053826.jpg;fotos_site_com_marca/small/053826.jpg;fotos_site_com_marca/thumb/053826.jpg;1
G_CM_MERCYFUL_FATE;Mercyful Fate;+fotos_site_com_marca/052135.jpg;"fotos_site_com_marca/052135.jpg;fotos_site_com_marca/052135_C.jpg";fotos_site_com_marca/small/052135.jpg;fotos_site_com_marca/thumb/052135.jpg;1
G_CM_METALLICA_COBRA;Metallica Cobra;+fotos_site_com_marca/050145.jpg;"fotos_site_com_marca/050145.jpg;fotos_site_com_marca/050145_C.jpg";fotos_site_com_marca/small/050145.jpg;fotos_site_com_marca/thumb/050145.jpg;1
G_CM_METALLICA_DEATH_MAGNETIC_BRANCA;Metallica Death Magnetic Branca;+fotos_site_com_marca/052451.jpg;fotos_site_com_marca/052451.jpg;fotos_site_com_marca/small/052451.jpg;fotos_site_com_marca/thumb/052451.jpg;1
G_CM_METALLICA_DEATH_MAGNETIC_PRETA;Metallica Death Magnetic Preta;+fotos_site_com_marca/052443.jpg;"fotos_site_com_marca/052443.jpg;fotos_site_com_marca/052443_C.jpg";fotos_site_com_marca/small/052443.jpg;fotos_site_com_marca/thumb/052443.jpg;1
G_CM_METALLICA_DEATH_MAGNETIC_VIRUS;Metallica Death Magnetic Virus;;;;;2
G_CM_METALLICA_JUSTICE_BRANCA;Metallica Justice Branca;+fotos_site_com_marca/051855.jpg;fotos_site_com_marca/051855.jpg;fotos_site_com_marca/small/051855.jpg;fotos_site_com_marca/thumb/051855.jpg;1
G_CM_METALLICA_JUSTICE_PRETA;Metallica Justice Preta;+fotos_site_com_marca/053884.jpg;fotos_site_com_marca/053884.jpg;fotos_site_com_marca/small/053884.jpg;fotos_site_com_marca/thumb/053884.jpg;1
G_CM_METALLICA_KILL;Metallica Kill;+fotos_site_com_marca/051805.jpg;"fotos_site_com_marca/051805.jpg;fotos_site_com_marca/051805_C.jpg";fotos_site_com_marca/small/051805.jpg;fotos_site_com_marca/thumb/051805.jpg;1
G_CM_METALLICA_MASTER_ALBUM;Metallica Master Album;;;;;2
G_CM_METALLICA_MASTER_ROCK;Metallica Master Rock;+fotos_site_com_marca/053804.jpg;"fotos_site_com_marca/053804.jpg;fotos_site_com_marca/053804_C.jpg";fotos_site_com_marca/small/053804.jpg;fotos_site_com_marca/thumb/053804.jpg;1
G_CM_METALLICA_RIDE;Metallica Ride;+fotos_site_com_marca/051669.jpg;"fotos_site_com_marca/051669.jpg;fotos_site_com_marca/051669_C.jpg";fotos_site_com_marca/small/051669.jpg;fotos_site_com_marca/thumb/051669.jpg;1
G_CM_METALLICA_ST_ANGER_PUNHO;Metallica St Anger Punho;+fotos_site_com_marca/050619.jpg;fotos_site_com_marca/050619.jpg;fotos_site_com_marca/small/050619.jpg;fotos_site_com_marca/thumb/050619.jpg;1
G_CM_MEXICANA_TATTOO;Mexicana Tattoo;+fotos_site_com_marca/052250.jpg;fotos_site_com_marca/052250.jpg;fotos_site_com_marca/small/052250.jpg;fotos_site_com_marca/thumb/052250.jpg;1
CMCMM00103;Misfits Legacy;;;;;2
G_CM_MISFITS_ROXA;Misfits Roxa;+fotos_site_com_marca/051160.jpg;fotos_site_com_marca/051160.jpg;fotos_site_com_marca/small/051160.jpg;fotos_site_com_marca/thumb/051160.jpg;1
G_CM_MISFITS_VERDE;Misfits Verde;+fotos_site_com_marca/050153.jpg;fotos_site_com_marca/050153.jpg;fotos_site_com_marca/small/050153.jpg;fotos_site_com_marca/thumb/050153.jpg;1
G_CM_MORBID_ANGEL_ALTARS;Morbid Angel Altars;+fotos_site_com_marca/053177.jpg;"fotos_site_com_marca/053177.jpg;fotos_site_com_marca/053177_C.jpg";fotos_site_com_marca/small/053177.jpg;fotos_site_com_marca/thumb/053177.jpg;1
G_CM_MORBID_ANGEL_LOGO;Morbid Angel Logo;+fotos_site_com_marca/051875.jpg;fotos_site_com_marca/051875.jpg;fotos_site_com_marca/small/051875.jpg;fotos_site_com_marca/thumb/051875.jpg;1
G_CM_MOTO_INDIAN;Moto Indian;+fotos_site_com_marca/053456.jpg;fotos_site_com_marca/053456.jpg;fotos_site_com_marca/small/053456.jpg;fotos_site_com_marca/thumb/053456.jpg;1
G_CM_MOTORHEAD_KISS_OF_DEATH;Motorhead Kiss Of Death;;;;;2
G_CM_MOTORHEAD_TRADICIONAL;Motorhead Tradicional;+fotos_site_com_marca/050651.jpg;"fotos_site_com_marca/050651.jpg;fotos_site_com_marca/050651_C.jpg";fotos_site_com_marca/small/050651.jpg;fotos_site_com_marca/thumb/050651.jpg;1
G_CM_NARUTO_BRANCA_VIRUS;Naruto Branca Virus;+fotos_site_com_marca/053448.jpg;fotos_site_com_marca/053448.jpg;fotos_site_com_marca/small/053448.jpg;fotos_site_com_marca/thumb/053448.jpg;1
G_CM_NIRVANA_BANDA_MASTER;Nirvana Banda Master;+fotos_site_com_marca/053518.jpg;fotos_site_com_marca/053518.jpg;fotos_site_com_marca/small/053518.jpg;fotos_site_com_marca/thumb/053518.jpg;1
G_CM_NIRVANA_BATERIA;Nirvana Bateria;+fotos_site_com_marca/050314.jpg;"fotos_site_com_marca/050314.jpg;fotos_site_com_marca/050314_C.jpg";fotos_site_com_marca/small/050314.jpg;fotos_site_com_marca/thumb/050314.jpg;1
CMCMP00136;Nirvana Bleach;;;;;2
G_CM_NIRVANA_MALHA_CINZA;Nirvana Malha Cinza;;;;;2
G_CM_NIRVANA_NEVERMIND;Nirvana Nevermind;+fotos_site_com_marca/052400.jpg;"fotos_site_com_marca/052400.jpg;fotos_site_com_marca/052400_C.jpg";fotos_site_com_marca/small/052400.jpg;fotos_site_com_marca/thumb/052400.jpg;1
G_CM_NIRVANA_NEVERMIND_ALBUM;Nirvana Nevermind Album;+fotos_site_com_marca/059088.jpg;fotos_site_com_marca/059088.jpg;fotos_site_com_marca/small/059088.jpg;fotos_site_com_marca/thumb/059088.jpg;1
G_CM_NIRVANA_SMILE;Nirvana Smile;+fotos_site_com_marca/052653.jpg;fotos_site_com_marca/052653.jpg;fotos_site_com_marca/small/052653.jpg;fotos_site_com_marca/thumb/052653.jpg;1
G_CM_NOEL;Noel;;;;;2
G_CM_OASIS;Oasis;+fotos_site_com_marca/050296.jpg;"fotos_site_com_marca/050296.jpg;fotos_site_com_marca/050296_C.jpg";fotos_site_com_marca/small/050296.jpg;fotos_site_com_marca/thumb/050296.jpg;1
G_CM_OBITUARY_ESTAMPA;Obituary Estampa;+fotos_site_com_marca/051985.jpg;"fotos_site_com_marca/051985.jpg;fotos_site_com_marca/051985_C.jpg";fotos_site_com_marca/small/051985.jpg;fotos_site_com_marca/thumb/051985.jpg;1
G_CM_OBITUARY_LOGO;Obituary Logo;+fotos_site_com_marca/051887.jpg;"fotos_site_com_marca/051887.jpg;fotos_site_com_marca/051887_C.jpg";fotos_site_com_marca/small/051887.jpg;fotos_site_com_marca/thumb/051887.jpg;1
G_CM_OFFSPRING_P/B;Offspring P/b;;;;;2
G_CM_ONE_PIECE_PRETA_HCD;One Piece Preta Hcd;+fotos_site_com_marca/053490.jpg;"fotos_site_com_marca/053490.jpg;fotos_site_com_marca/053490_C.jpg";fotos_site_com_marca/small/053490.jpg;fotos_site_com_marca/thumb/053490.jpg;1
G_CM_ONE_PIECE_PRETA_VIRUS;One Piece Preta Virus;+fotos_site_com_marca/053778.jpg;fotos_site_com_marca/053778.jpg;fotos_site_com_marca/small/053778.jpg;fotos_site_com_marca/thumb/053778.jpg;1
G_CM_OZZY_MORCEGO;Ozzy Morcego;+fotos_site_com_marca/052029.jpg;fotos_site_com_marca/052029.jpg;fotos_site_com_marca/small/052029.jpg;fotos_site_com_marca/thumb/052029.jpg;1
G_CM_PANTERA_COWBOYS;Pantera Cowboys;+fotos_site_com_marca/052057.jpg;"fotos_site_com_marca/052057.jpg;fotos_site_com_marca/052057_C.jpg";fotos_site_com_marca/small/052057.jpg;fotos_site_com_marca/thumb/052057.jpg;1
G_CM_PANTERA_OFFICIAL;Pantera Official;+fotos_site_com_marca/051402.jpg;"fotos_site_com_marca/051402.jpg;fotos_site_com_marca/051402_C.jpg";fotos_site_com_marca/small/051402.jpg;fotos_site_com_marca/thumb/051402.jpg;1
G_CM_PANTERA_SOCO;Pantera Soco;;;;;2
G_CM_PASSARO_VERMELHO;Passaro Vermelho;;;;;2
G_CM_PEARL;Pearl;+fotos_site_com_marca/050633.jpg;fotos_site_com_marca/050633.jpg;fotos_site_com_marca/small/050633.jpg;fotos_site_com_marca/thumb/050633.jpg;1
G_CM_PEARL_JAM_BONEQUINHO;Pearl Jam Bonequinho;+fotos_site_com_marca/050175.jpg;"fotos_site_com_marca/050175.jpg;fotos_site_com_marca/050175_C.jpg";fotos_site_com_marca/small/050175.jpg;fotos_site_com_marca/thumb/050175.jpg;1
G_CM_PINK_FLOYD_BANDA;Pink Floyd Banda;+fotos_site_com_marca/059137.jpg;"fotos_site_com_marca/059137.jpg;fotos_site_com_marca/059137_C.jpg";fotos_site_com_marca/small/059137.jpg;fotos_site_com_marca/thumb/059137.jpg;1
G_CM_PINK_FLOYD_DESENHO;Pink Floyd Desenho;+fotos_site_com_marca/052065.jpg;"fotos_site_com_marca/052065.jpg;fotos_site_com_marca/052065_C.jpg";fotos_site_com_marca/small/052065.jpg;fotos_site_com_marca/thumb/052065.jpg;1
G_CM_PINK_FLOYD_DIVISION;Pink Floyd Division;;;;;2
G_CM_PINK_FLOYD_PRISMA;Pink Floyd Prisma;+fotos_site_com_marca/050183.jpg;"fotos_site_com_marca/050183.jpg;fotos_site_com_marca/050183_C.jpg";fotos_site_com_marca/small/050183.jpg;fotos_site_com_marca/thumb/050183.jpg;1
G_CM_PINK_FLOYD_PRISMA_BANDA;Pink Floyd Prisma Banda;;;;;2
G_CM_PINK_FLOYD_THE_WALL_BRANCA;Pink Floyd The Wall Branca;+fotos_site_com_marca/050466.jpg;"fotos_site_com_marca/050466.jpg;fotos_site_com_marca/050466_C.jpg";fotos_site_com_marca/small/050466.jpg;fotos_site_com_marca/thumb/050466.jpg;1
G_CM_PINK_FLOYD_WALL_PRETA;Pink Floyd Wall Preta;+fotos_site_com_marca/052394.jpg;"fotos_site_com_marca/052394.jpg;fotos_site_com_marca/052394_C.jpg";fotos_site_com_marca/small/052394.jpg;fotos_site_com_marca/thumb/052394.jpg;1
G_CM_PIRATAS_DO_CARIBE;Piratas Do Caribe;+fotos_site_com_marca/053812.jpg;"fotos_site_com_marca/053812.jpg;fotos_site_com_marca/053812_C.jpg";fotos_site_com_marca/small/053812.jpg;fotos_site_com_marca/thumb/053812.jpg;1
G_CM_PIXINGUINHA;Pixinguinha;+fotos_site_com_marca/052843.jpg;fotos_site_com_marca/052843.jpg;fotos_site_com_marca/small/052843.jpg;fotos_site_com_marca/thumb/052843.jpg;1
G_CM_PODEROSO_CHEFAO;Poderoso Chefao;+fotos_site_com_marca/051166.jpg;fotos_site_com_marca/051166.jpg;fotos_site_com_marca/small/051166.jpg;fotos_site_com_marca/thumb/051166.jpg;1
G_CM_QUEEN_DOURADA;Queen Dourada;+fotos_site_com_marca/051406.jpg;fotos_site_com_marca/051406.jpg;fotos_site_com_marca/small/051406.jpg;fotos_site_com_marca/thumb/051406.jpg;1
G_CM_RAGE_AGAINST_BRANCA;Rage Against Branca;;;;;2
G_CM_RAINBOW_LONG_LIVE;Rainbow Long Live;+fotos_site_com_marca/052933.jpg;fotos_site_com_marca/052933.jpg;fotos_site_com_marca/small/052933.jpg;fotos_site_com_marca/thumb/052933.jpg;1
G_CM_RAINBOW_RISING;Rainbow Rising;+fotos_site_com_marca/052089.jpg;"fotos_site_com_marca/052089.jpg;fotos_site_com_marca/052089_C.jpg";fotos_site_com_marca/small/052089.jpg;fotos_site_com_marca/thumb/052089.jpg;1
G_CM_RAMMSTEIN;Rammstein;+fotos_site_com_marca/052423.jpg;"fotos_site_com_marca/052423.jpg;fotos_site_com_marca/052423_C.jpg";fotos_site_com_marca/small/052423.jpg;fotos_site_com_marca/thumb/052423.jpg;1
G_CM_RAMONES_BANDA_BRANCA;Ramones Banda Branca;;;;;2
G_CM_RAMONES_PROCURADOS;Ramones Procurados;+fotos_site_com_marca/051723.jpg;"fotos_site_com_marca/051723.jpg;fotos_site_com_marca/051723_C.jpg";fotos_site_com_marca/small/051723.jpg;fotos_site_com_marca/thumb/051723.jpg;1
G_CM_RAMONES_TRADICIONAL_BRANCA;Ramones Tradicional Branca;+fotos_site_com_marca/051430.jpg;"fotos_site_com_marca/051430.jpg;fotos_site_com_marca/051430_C.jpg";fotos_site_com_marca/small/051430.jpg;fotos_site_com_marca/thumb/051430.jpg;1
G_CM_RAMONES_TRADICIONAL_PRETA;Ramones Tradicional Preta;+fotos_site_com_marca/052531.jpg;"fotos_site_com_marca/052531.jpg;fotos_site_com_marca/052531_C.jpg";fotos_site_com_marca/small/052531.jpg;fotos_site_com_marca/thumb/052531.jpg;1
G_CM_RAUL_CHAVE;Raul Chave;+fotos_site_com_marca/050213.jpg;"fotos_site_com_marca/050213.jpg;fotos_site_com_marca/050213_C.jpg";fotos_site_com_marca/small/050213.jpg;fotos_site_com_marca/thumb/050213.jpg;1
CMCMM00048;Raul Rosto;;;;;2
G_CM_RED_HOT_BRANCA;Red Hot Branca;+fotos_site_com_marca/051751.jpg;fotos_site_com_marca/051751.jpg;fotos_site_com_marca/small/051751.jpg;fotos_site_com_marca/thumb/051751.jpg;1
G_CM_RED_HOT_PRETA;Red Hot Preta;+fotos_site_com_marca/052603.jpg;fotos_site_com_marca/052603.jpg;fotos_site_com_marca/small/052603.jpg;fotos_site_com_marca/thumb/052603.jpg;1
G_CM_RUSH_CORUJA;Rush Coruja;+fotos_site_com_marca/050522.jpg;"fotos_site_com_marca/050522.jpg;fotos_site_com_marca/050522_C.jpg";fotos_site_com_marca/small/050522.jpg;fotos_site_com_marca/thumb/050522.jpg;1
G_CM_RUSH_ESTRELA;Rush Estrela;+fotos_site_com_marca/050356.jpg;"fotos_site_com_marca/050356.jpg;fotos_site_com_marca/050356_C.jpg";fotos_site_com_marca/small/050356.jpg;fotos_site_com_marca/thumb/050356.jpg;1
G_CM_RUSH_MOVING_PICTURES;Rush Moving Pictures;+fotos_site_com_marca/050536.jpg;"fotos_site_com_marca/050536.jpg;fotos_site_com_marca/050536_C.jpg";fotos_site_com_marca/small/050536.jpg;fotos_site_com_marca/thumb/050536.jpg;1
G_CM_SARCOFAGO_ROTTING;Sarcofago Rotting;+fotos_site_com_marca/052183.jpg;"fotos_site_com_marca/052183.jpg;fotos_site_com_marca/052183_C.jpg";fotos_site_com_marca/small/052183.jpg;fotos_site_com_marca/thumb/052183.jpg;1
G_CM_SARCOFAGO_SCOURGE;Sarcofago Scourge;+fotos_site_com_marca/052189.jpg;"fotos_site_com_marca/052189.jpg;fotos_site_com_marca/052189_C.jpg";fotos_site_com_marca/small/052189.jpg;fotos_site_com_marca/thumb/052189.jpg;1
G_CM_SCORPIONS_IN_TRANCE;Scorpions In Trance;+fotos_site_com_marca/052023.jpg;fotos_site_com_marca/052023.jpg;fotos_site_com_marca/small/052023.jpg;fotos_site_com_marca/thumb/052023.jpg;1
G_CM_SEPULTURA_REMAINS;Sepultura Remains;+fotos_site_com_marca/052177.jpg;fotos_site_com_marca/052177.jpg;fotos_site_com_marca/small/052177.jpg;fotos_site_com_marca/thumb/052177.jpg;1
G_CM_SEPULTURA_ROOTS;Sepultura Roots;+fotos_site_com_marca/053852.jpg;fotos_site_com_marca/053852.jpg;fotos_site_com_marca/small/053852.jpg;fotos_site_com_marca/thumb/053852.jpg;1
G_CM_SEPULTURA_S;Sepultura S;+fotos_site_com_marca/051911.jpg;fotos_site_com_marca/051911.jpg;fotos_site_com_marca/small/051911.jpg;fotos_site_com_marca/thumb/051911.jpg;1
G_CM_SEX_PISTOLS_AMARELA;Sex Pistols Amarela;+fotos_site_com_marca/051234.jpg;fotos_site_com_marca/051234.jpg;fotos_site_com_marca/small/051234.jpg;fotos_site_com_marca/thumb/051234.jpg;1
G_CM_SEX_PISTOLS_FANTA;Sex Pistols Fanta;+fotos_site_com_marca/050237.jpg;"fotos_site_com_marca/050237.jpg;fotos_site_com_marca/050237_C.jpg";fotos_site_com_marca/small/050237.jpg;fotos_site_com_marca/thumb/050237.jpg;1
G_CM_SLASH_CAVEIRA;Slash Caveira;+fotos_site_com_marca/051506.jpg;fotos_site_com_marca/051506.jpg;fotos_site_com_marca/small/051506.jpg;fotos_site_com_marca/thumb/051506.jpg;1
G_CM_SLAYER_AGUIA;Slayer Aguia;+fotos_site_com_marca/052667.jpg;"fotos_site_com_marca/052667.jpg;fotos_site_com_marca/052667_C.jpg";fotos_site_com_marca/small/052667.jpg;fotos_site_com_marca/thumb/052667.jpg;1
G_CM_SLAYER_CAVEIRA_CAPACETE;Slayer Caveira Capacete;+fotos_site_com_marca/053157.jpg;"fotos_site_com_marca/053157.jpg;fotos_site_com_marca/053157_C.jpg";fotos_site_com_marca/small/053157.jpg;fotos_site_com_marca/thumb/053157.jpg;1
G_CM_SLAYER_FUZIL;Slayer Fuzil;+fotos_site_com_marca/051991.jpg;"fotos_site_com_marca/051991.jpg;fotos_site_com_marca/051991_C.jpg";fotos_site_com_marca/small/051991.jpg;fotos_site_com_marca/thumb/051991.jpg;1
G_CM_SLAYER_REIGN_IN_BLOOD;Slayer Reign In Blood;+fotos_site_com_marca/053858.jpg;fotos_site_com_marca/053858.jpg;fotos_site_com_marca/small/053858.jpg;fotos_site_com_marca/thumb/053858.jpg;1
G_CM_SLAYER_SOUTH;Slayer South;+fotos_site_com_marca/053890.jpg;fotos_site_com_marca/053890.jpg;fotos_site_com_marca/small/053890.jpg;fotos_site_com_marca/thumb/053890.jpg;1
G_CM_SLIPKNOT_BANDA_NOVA_MASTER;Slipknot Banda Nova Master;+fotos_site_com_marca/052356.jpg;"fotos_site_com_marca/052356.jpg;fotos_site_com_marca/052356_C.jpg";fotos_site_com_marca/small/052356.jpg;fotos_site_com_marca/thumb/052356.jpg;1
G_CM_SLIPKNOT_BANDA_NOVA_VIRUS;Slipknot Banda Nova Virus;;;;;2
G_CM_SLIPKNOT_BANDA_VELHA_VIRUS;Slipknot Banda Velha Virus;+fotos_site_com_marca/051819.jpg;"fotos_site_com_marca/051819.jpg;fotos_site_com_marca/051819_C.jpg";fotos_site_com_marca/small/051819.jpg;fotos_site_com_marca/thumb/051819.jpg;1
G_CM_SLIPKNOT_CIRCO;Slipknot Circo;+fotos_site_com_marca/051789.jpg;"fotos_site_com_marca/051789.jpg;fotos_site_com_marca/051789_C.jpg";fotos_site_com_marca/small/051789.jpg;fotos_site_com_marca/thumb/051789.jpg;1
G_CM_SLIPKNOT_COD_BARRAS;Slipknot Cod Barras;;;;;2
G_CM_SLIPKNOT_QUADRADINHOS;Slipknot Quadradinhos;+fotos_site_com_marca/052431.jpg;"fotos_site_com_marca/052431.jpg;fotos_site_com_marca/052431_C.jpg";fotos_site_com_marca/small/052431.jpg;fotos_site_com_marca/thumb/052431.jpg;1
G_CM_SMITHS;Smiths;+fotos_site_com_marca/051272.jpg;fotos_site_com_marca/051272.jpg;fotos_site_com_marca/small/051272.jpg;fotos_site_com_marca/thumb/051272.jpg;1
G_CM_SMITHS_CAPACETE;Smiths Capacete;+fotos_site_com_marca/053910.jpg;fotos_site_com_marca/053910.jpg;fotos_site_com_marca/small/053910.jpg;fotos_site_com_marca/thumb/053910.jpg;1
G_CM_SONIC_YOUTH_AZUL;Sonic Youth Azul;+fotos_site_com_marca/051266.jpg;fotos_site_com_marca/051266.jpg;fotos_site_com_marca/small/051266.jpg;fotos_site_com_marca/thumb/051266.jpg;1
G_CM_SONIC_YOUTH_BRANCA;Sonic Youth Branca;+fotos_site_com_marca/053643.jpg;fotos_site_com_marca/053643.jpg;fotos_site_com_marca/small/053643.jpg;fotos_site_com_marca/thumb/053643.jpg;1
G_CM_SOUNDGARDEN;Soundgarden;+fotos_site_com_marca/053631.jpg;fotos_site_com_marca/053631.jpg;fotos_site_com_marca/small/053631.jpg;fotos_site_com_marca/thumb/053631.jpg;1
G_CM_STAR_WARS_CAPACETE;Star Wars Capacete;+fotos_site_com_marca/050728.jpg;fotos_site_com_marca/050728.jpg;fotos_site_com_marca/small/050728.jpg;fotos_site_com_marca/thumb/050728.jpg;1
G_CM_STONES_LINGUA_BRANCA;Stones Lingua Branca;+fotos_site_com_marca/050221.jpg;fotos_site_com_marca/050221.jpg;fotos_site_com_marca/small/050221.jpg;fotos_site_com_marca/thumb/050221.jpg;1
G_CM_STONES_LINGUA_PRETA;Stones Lingua Preta;+fotos_site_com_marca/052579.jpg;"fotos_site_com_marca/052579.jpg;fotos_site_com_marca/052579_C.jpg";fotos_site_com_marca/small/052579.jpg;fotos_site_com_marca/thumb/052579.jpg;1
G_CM_STROKES_BRANCA;Strokes Branca;;;;;2
G_CM_STROKES_PRETA;Strokes Preta;+fotos_site_com_marca/052587.jpg;fotos_site_com_marca/052587.jpg;fotos_site_com_marca/small/052587.jpg;fotos_site_com_marca/thumb/052587.jpg;1
G_CM_SYSTEM_ALVO;System Alvo;;;;;2
G_CM_SYSTEM_BANDA_GRANDE_MASTER;System Banda Grande Master;+fotos_site_com_marca/052318.jpg;"fotos_site_com_marca/052318.jpg;fotos_site_com_marca/052318_C.jpg";fotos_site_com_marca/small/052318.jpg;fotos_site_com_marca/thumb/052318.jpg;1
G_CM_SYSTEM_BANDA_NOVA_VIRUS;System Banda Nova Virus;+fotos_site_com_marca/051765.jpg;"fotos_site_com_marca/051765.jpg;fotos_site_com_marca/051765_C.jpg";fotos_site_com_marca/small/051765.jpg;fotos_site_com_marca/thumb/051765.jpg;1
G_CM_SYSTEM_BONEQUINHOS;System Bonequinhos;+fotos_site_com_marca/052294.jpg;"fotos_site_com_marca/052294.jpg;fotos_site_com_marca/052294_C.jpg";fotos_site_com_marca/small/052294.jpg;fotos_site_com_marca/thumb/052294.jpg;1
G_CM_SYSTEM_HYPNOTIZE;System Hypnotize;+fotos_site_com_marca/052362.jpg;"fotos_site_com_marca/052362.jpg;fotos_site_com_marca/052362_C.jpg";fotos_site_com_marca/small/052362.jpg;fotos_site_com_marca/thumb/052362.jpg;1
G_CM_SYSTEM_MAO;System Mao;;;;;2
G_CM_SYSTEM_MEZMERIZE_ALBUM;System Mezmerize Album;+fotos_site_com_marca/052350.jpg;"fotos_site_com_marca/052350.jpg;fotos_site_com_marca/052350_C.jpg";fotos_site_com_marca/small/052350.jpg;fotos_site_com_marca/thumb/052350.jpg;1
G_CM_SYSTEM_MEZMERIZE_BANDA;System Mezmerize Banda;+fotos_site_com_marca/052378.jpg;"fotos_site_com_marca/052378.jpg;fotos_site_com_marca/052378_C.jpg";fotos_site_com_marca/small/052378.jpg;fotos_site_com_marca/thumb/052378.jpg;1
G_CM_TESTAMENT_BRANCA;Testament Branca;+fotos_site_com_marca/051935.jpg;fotos_site_com_marca/051935.jpg;fotos_site_com_marca/small/051935.jpg;fotos_site_com_marca/thumb/051935.jpg;1
G_CM_TESTAMENT_DARK;Testament Dark;+fotos_site_com_marca/052153.jpg;"fotos_site_com_marca/052153.jpg;fotos_site_com_marca/052153_C.jpg";fotos_site_com_marca/small/052153.jpg;fotos_site_com_marca/thumb/052153.jpg;1
G_CM_THE_CLASH;The Clash;+fotos_site_com_marca/059343.jpg;fotos_site_com_marca/059343.jpg;fotos_site_com_marca/small/059343.jpg;fotos_site_com_marca/thumb/059343.jpg;1
G_CM_THE_CURE_BOYS;The Cure Boys;+fotos_site_com_marca/053637.jpg;fotos_site_com_marca/053637.jpg;fotos_site_com_marca/small/053637.jpg;fotos_site_com_marca/thumb/053637.jpg;1
G_CM_THE_CURE_PRETA;The Cure Preta;+fotos_site_com_marca/053924.jpg;fotos_site_com_marca/053924.jpg;fotos_site_com_marca/small/053924.jpg;fotos_site_com_marca/thumb/053924.jpg;1
G_CM_THE_STROKES;The Strokes;;;;;2
G_CM_THE_WHO;The Who;+fotos_site_com_marca/050720.jpg;fotos_site_com_marca/050720.jpg;fotos_site_com_marca/small/050720.jpg;fotos_site_com_marca/thumb/050720.jpg;1
G_CM_TIM_MAIA;Tim Maia;+fotos_site_com_marca/051656.jpg;fotos_site_com_marca/051656.jpg;fotos_site_com_marca/small/051656.jpg;fotos_site_com_marca/thumb/051656.jpg;1
G_CM_TIO_SAM;Tio Sam;+fotos_site_com_marca/051454.jpg;fotos_site_com_marca/051454.jpg;fotos_site_com_marca/small/051454.jpg;fotos_site_com_marca/thumb/051454.jpg;1
G_CM_TOM_JOBIM;Tom Jobim;+fotos_site_com_marca/052202.jpg;fotos_site_com_marca/052202.jpg;fotos_site_com_marca/small/052202.jpg;fotos_site_com_marca/thumb/052202.jpg;1
G_CM_V_DE_VINGANCA_BRANCA;V De Vinganca Branca;;;;;2
G_CM_V_DE_VINGANCA_PRETA;V De Vinganca Preta;+fotos_site_com_marca/053058.jpg;fotos_site_com_marca/053058.jpg;fotos_site_com_marca/small/053058.jpg;fotos_site_com_marca/thumb/053058.jpg;1
G_CM_VAN_HALEN_ANJO;Van Halen Anjo;+fotos_site_com_marca/052707.jpg;"fotos_site_com_marca/052707.jpg;fotos_site_com_marca/052707_C.jpg";fotos_site_com_marca/small/052707.jpg;fotos_site_com_marca/thumb/052707.jpg;1
G_CM_VAN_HALEN_LOGO_DOURADO;Van Halen Logo Dourado;+fotos_site_com_marca/051242.jpg;fotos_site_com_marca/051242.jpg;fotos_site_com_marca/small/051242.jpg;fotos_site_com_marca/thumb/051242.jpg;1
CMCMM00042;Venon Pentagrama;;;;;2
G_CM_VENON_POSSESSED;Venon Possessed;+fotos_site_com_marca/052159.jpg;"fotos_site_com_marca/052159.jpg;fotos_site_com_marca/052159_C.jpg";fotos_site_com_marca/small/052159.jpg;fotos_site_com_marca/thumb/052159.jpg;1
G_CM_VENON_PRATA;Venon Prata;+fotos_site_com_marca/050254.jpg;fotos_site_com_marca/050254.jpg;fotos_site_com_marca/small/050254.jpg;fotos_site_com_marca/thumb/050254.jpg;1
G_CM_VINICIUS;Vinicius;+fotos_site_com_marca/052218.jpg;fotos_site_com_marca/052218.jpg;fotos_site_com_marca/small/052218.jpg;fotos_site_com_marca/thumb/052218.jpg;1
G_CM_WALKING_ARQUEIRO;Walking Arqueiro;+fotos_site_com_marca/059351.jpg;fotos_site_com_marca/059351.jpg;fotos_site_com_marca/small/059351.jpg;fotos_site_com_marca/thumb/059351.jpg;1
G_CM_WALKING_CAVALO;Walking Cavalo;+fotos_site_com_marca/059327.jpg;fotos_site_com_marca/059327.jpg;fotos_site_com_marca/small/059327.jpg;fotos_site_com_marca/thumb/059327.jpg;1
G_CM_WALKING_COWBOY;Walking Cowboy;+fotos_site_com_marca/059319.jpg;fotos_site_com_marca/059319.jpg;fotos_site_com_marca/small/059319.jpg;fotos_site_com_marca/thumb/059319.jpg;1
G_CM_WALKING_DEAD_CARICATURA;Walking Dead Caricatura;+fotos_site_com_marca/059066.jpg;fotos_site_com_marca/059066.jpg;fotos_site_com_marca/small/059066.jpg;fotos_site_com_marca/thumb/059066.jpg;1
G_CM_WALKING_DEAD_INSIDE;Walking Dead Inside;+fotos_site_com_marca/059074.jpg;fotos_site_com_marca/059074.jpg;fotos_site_com_marca/small/059074.jpg;fotos_site_com_marca/thumb/059074.jpg;1
G_CM_WALKING_DEAD_MASTER;Walking Dead Master;+fotos_site_com_marca/053870.jpg;"fotos_site_com_marca/053870.jpg;fotos_site_com_marca/053870_C.jpg";fotos_site_com_marca/small/053870.jpg;fotos_site_com_marca/thumb/053870.jpg;1
G_CM_WALKING_DEAD_VIRUS;Walking Dead Virus;;;;;2
G_CM_WASP_I;Wasp I;;;;;2
G_CM_WHITESNAKE_LOVE;Whitesnake Love;+fotos_site_com_marca/052071.jpg;"fotos_site_com_marca/052071.jpg;fotos_site_com_marca/052071_C.jpg";fotos_site_com_marca/small/052071.jpg;fotos_site_com_marca/thumb/052071.jpg;1
G_CM_YES_FLY_FROM;Yes Fly From;;;;;2
G_CM_YES_FRAGILE;Yes Fragile;+fotos_site_com_marca/052954.jpg;"fotos_site_com_marca/052954.jpg;fotos_site_com_marca/052954_C.jpg";fotos_site_com_marca/small/052954.jpg;fotos_site_com_marca/thumb/052954.jpg;1
G_CM_YES_LOGO;Yes Logo;;;;;2
G_CM_ZILDJIAN;Zildjian;+fotos_site_com_marca/051072.jpg;fotos_site_com_marca/051072.jpg;fotos_site_com_marca/small/051072.jpg;fotos_site_com_marca/thumb/051072.jpg;1
G_CM_ZUMBI_HARDCORE;Zumbi Hardcore;+fotos_site_com_marca/051512.jpg;fotos_site_com_marca/051512.jpg;fotos_site_com_marca/small/051512.jpg;fotos_site_com_marca/thumb/051512.jpg;1
G_IN_ACDC_LOGO_CINZA;Acdc Logo Cinza;+fotos_site_com_marca/058461.jpg;fotos_site_com_marca/058461.jpg;fotos_site_com_marca/small/058461.jpg;fotos_site_com_marca/thumb/058461.jpg;1
G_IN_BEATLES_LOGO_CINZA;Beatles Logo Cinza;+fotos_site_com_marca/058545.jpg;fotos_site_com_marca/058545.jpg;fotos_site_com_marca/small/058545.jpg;fotos_site_com_marca/thumb/058545.jpg;1
G_IN_CAVEIRA_ROSA;Caveira Rosa;+fotos_site_com_marca/058537.jpg;fotos_site_com_marca/058537.jpg;fotos_site_com_marca/small/058537.jpg;fotos_site_com_marca/thumb/058537.jpg;1
G_IN_GUNS_CAVEIRA;Guns Caveira;+fotos_site_com_marca/058469.jpg;fotos_site_com_marca/058469.jpg;fotos_site_com_marca/small/058469.jpg;fotos_site_com_marca/thumb/058469.jpg;1
G_IN_LED_ZEPPELIN_CINZA;Led Zeppelin Cinza;+fotos_site_com_marca/058501.jpg;fotos_site_com_marca/058501.jpg;fotos_site_com_marca/small/058501.jpg;fotos_site_com_marca/thumb/058501.jpg;1
G_IN_LED_ZEPPELIN_EREMITA;Led Zeppelin Eremita;+fotos_site_com_marca/058519.jpg;fotos_site_com_marca/058519.jpg;fotos_site_com_marca/small/058519.jpg;fotos_site_com_marca/thumb/058519.jpg;1
G_IN_LEGIAO_URBANA_LOGO_DOURADA;Legiao Urbana Logo Dourada;+fotos_site_com_marca/058477.jpg;fotos_site_com_marca/058477.jpg;fotos_site_com_marca/small/058477.jpg;fotos_site_com_marca/thumb/058477.jpg;1
G_IN_PEARL_JAM_CINZA;Pearl Jam Cinza;+fotos_site_com_marca/058485.jpg;fotos_site_com_marca/058485.jpg;fotos_site_com_marca/small/058485.jpg;fotos_site_com_marca/thumb/058485.jpg;1
G_IN_RAMONES_TRADICIONAL_CINZA;Ramones Tradicional Cinza;+fotos_site_com_marca/058493.jpg;fotos_site_com_marca/058493.jpg;fotos_site_com_marca/small/058493.jpg;fotos_site_com_marca/thumb/058493.jpg;1
G_IN_STAR_WARS_CAPACETE;Star Wars Capacete;+fotos_site_com_marca/058527.jpg;fotos_site_com_marca/058527.jpg;fotos_site_com_marca/small/058527.jpg;fotos_site_com_marca/thumb/058527.jpg;1
G_IN_STONES_LINGUA_BRANCA;Stones Lingua Branca;+fotos_site_com_marca/058509.jpg;fotos_site_com_marca/058509.jpg;fotos_site_com_marca/small/058509.jpg;fotos_site_com_marca/thumb/058509.jpg;1
CMMCU00011;Acdc Back In Black Branca;+fotos_site_com_marca/058597.jpg;fotos_site_com_marca/058597.jpg;fotos_site_com_marca/small/058597.jpg;fotos_site_com_marca/thumb/058597.jpg;1
CMMCU00007;Acdc Back In Black Cinza;+fotos_site_com_marca/058589.jpg;fotos_site_com_marca/058589.jpg;fotos_site_com_marca/small/058589.jpg;fotos_site_com_marca/thumb/058589.jpg;1
CMMCU00015;Amy Caveira;+fotos_site_com_marca/058661.jpg;fotos_site_com_marca/058661.jpg;fotos_site_com_marca/small/058661.jpg;fotos_site_com_marca/thumb/058661.jpg;1
CMMCU00027;Arctic Monkeys;+fotos_site_com_marca/058894.jpg;fotos_site_com_marca/058894.jpg;fotos_site_com_marca/small/058894.jpg;fotos_site_com_marca/thumb/058894.jpg;1
CMMCU00028;Asking Mulher;;;;;2
CMMCU00035;Avenged Nightmare Master;+fotos_site_com_marca/059363.jpg;fotos_site_com_marca/059363.jpg;fotos_site_com_marca/small/059363.jpg;fotos_site_com_marca/thumb/059363.jpg;1
CMMCU00008;Avenged Tradicional;+fotos_site_com_marca/058591.jpg;fotos_site_com_marca/058591.jpg;fotos_site_com_marca/small/058591.jpg;fotos_site_com_marca/thumb/058591.jpg;1
CMMCU00036;Beatles Atravessando Road;+fotos_site_com_marca/059365.jpg;fotos_site_com_marca/059365.jpg;fotos_site_com_marca/small/059365.jpg;fotos_site_com_marca/thumb/059365.jpg;1
CMMCU00012;Beatles Logo Cinza;+fotos_site_com_marca/058599.jpg;fotos_site_com_marca/058599.jpg;fotos_site_com_marca/small/058599.jpg;fotos_site_com_marca/thumb/058599.jpg;1
CMMCU00014;Beatles Yellow;+fotos_site_com_marca/058603.jpg;fotos_site_com_marca/058603.jpg;fotos_site_com_marca/small/058603.jpg;fotos_site_com_marca/thumb/058603.jpg;1
CMMCU00033;Black Sabbath Heaven And Hell;;;;;2
CMMCU00016;Cartola Cafe;+fotos_site_com_marca/058663.jpg;fotos_site_com_marca/058663.jpg;fotos_site_com_marca/small/058663.jpg;fotos_site_com_marca/thumb/058663.jpg;1
CMMCU00017;Caveira Mexicana Colorida;+fotos_site_com_marca/058665.jpg;fotos_site_com_marca/058665.jpg;fotos_site_com_marca/small/058665.jpg;fotos_site_com_marca/thumb/058665.jpg;1
CMMCU00018;Caveira Mexicana Colorida Branca;+fotos_site_com_marca/058667.jpg;fotos_site_com_marca/058667.jpg;fotos_site_com_marca/small/058667.jpg;fotos_site_com_marca/thumb/058667.jpg;1
CMMCU00019;Caveira Mexicana P/b;+fotos_site_com_marca/058669.jpg;fotos_site_com_marca/058669.jpg;fotos_site_com_marca/small/058669.jpg;fotos_site_com_marca/thumb/058669.jpg;1
CMMCU00020;David Caveira;+fotos_site_com_marca/058671.jpg;fotos_site_com_marca/058671.jpg;fotos_site_com_marca/small/058671.jpg;fotos_site_com_marca/thumb/058671.jpg;1
CMMCU00021;David Rosto;+fotos_site_com_marca/058673.jpg;fotos_site_com_marca/058673.jpg;fotos_site_com_marca/small/058673.jpg;fotos_site_com_marca/thumb/058673.jpg;1
CMMCU00001;Doors Azul;+fotos_site_com_marca/058577.jpg;fotos_site_com_marca/058577.jpg;fotos_site_com_marca/small/058577.jpg;fotos_site_com_marca/thumb/058577.jpg;1
CMMCU00037;Evanescence Banda Nova;;;;;2
CMMCU00031;Game Of Thrones Anao;+fotos_site_com_marca/059163.jpg;fotos_site_com_marca/059163.jpg;fotos_site_com_marca/small/059163.jpg;fotos_site_com_marca/thumb/059163.jpg;1
CMMCU00029;Game Of Thrones Dragao;+fotos_site_com_marca/059159.jpg;fotos_site_com_marca/059159.jpg;fotos_site_com_marca/small/059159.jpg;fotos_site_com_marca/thumb/059159.jpg;1
CMMCU00030;Game Of Thrones Lobo;+fotos_site_com_marca/059161.jpg;fotos_site_com_marca/059161.jpg;fotos_site_com_marca/small/059161.jpg;fotos_site_com_marca/thumb/059161.jpg;1
CMMCU00038;Guns Logo Grande Master;+fotos_site_com_marca/059369.jpg;fotos_site_com_marca/059369.jpg;fotos_site_com_marca/small/059369.jpg;fotos_site_com_marca/thumb/059369.jpg;1
CMMCU00013;Janis Joplin Branca;+fotos_site_com_marca/058601.jpg;fotos_site_com_marca/058601.jpg;fotos_site_com_marca/small/058601.jpg;fotos_site_com_marca/thumb/058601.jpg;1
CMMCU00022;Jim Caveira Bracos;+fotos_site_com_marca/058675.jpg;fotos_site_com_marca/058675.jpg;fotos_site_com_marca/small/058675.jpg;fotos_site_com_marca/thumb/058675.jpg;1
CMMCU00009;Joy Division Album;+fotos_site_com_marca/058593.jpg;fotos_site_com_marca/058593.jpg;fotos_site_com_marca/small/058593.jpg;fotos_site_com_marca/thumb/058593.jpg;1
CMMCU00002;Laranja Mecanica;+fotos_site_com_marca/058579.jpg;fotos_site_com_marca/058579.jpg;fotos_site_com_marca/small/058579.jpg;fotos_site_com_marca/thumb/058579.jpg;1
CMMCU00010;Led Zeppelin Mothership;+fotos_site_com_marca/058595.jpg;fotos_site_com_marca/058595.jpg;fotos_site_com_marca/small/058595.jpg;fotos_site_com_marca/thumb/058595.jpg;1
CMMCU00006;Legiao Urbana Logo Dourada;+fotos_site_com_marca/058587.jpg;fotos_site_com_marca/058587.jpg;fotos_site_com_marca/small/058587.jpg;fotos_site_com_marca/thumb/058587.jpg;1
CMMCU00023;Mexicana Tattoo;+fotos_site_com_marca/058677.jpg;fotos_site_com_marca/058677.jpg;fotos_site_com_marca/small/058677.jpg;fotos_site_com_marca/thumb/058677.jpg;1
CMMCU00039;Nirvana Nevermind;+fotos_site_com_marca/059371.jpg;fotos_site_com_marca/059371.jpg;fotos_site_com_marca/small/059371.jpg;fotos_site_com_marca/thumb/059371.jpg;1
CMMCU00040;Pink Floyd Wall Preta;;;;;2
CMMCU00003;Ramones Tradicional Cinza;+fotos_site_com_marca/058581.jpg;fotos_site_com_marca/058581.jpg;fotos_site_com_marca/small/058581.jpg;fotos_site_com_marca/thumb/058581.jpg;1
CMMCU00034;Red Hot Branca;+fotos_site_com_marca/059315.jpg;fotos_site_com_marca/059315.jpg;fotos_site_com_marca/small/059315.jpg;fotos_site_com_marca/thumb/059315.jpg;1
CMMCU00004;Red Hot Tradicional Cinza;+fotos_site_com_marca/058583.jpg;fotos_site_com_marca/058583.jpg;fotos_site_com_marca/small/058583.jpg;fotos_site_com_marca/thumb/058583.jpg;1
CMMCU00024;Smiths Capacete;+fotos_site_com_marca/058679.jpg;fotos_site_com_marca/058679.jpg;fotos_site_com_marca/small/058679.jpg;fotos_site_com_marca/thumb/058679.jpg;1
CMMCU00025;Sonic Youth Branca;+fotos_site_com_marca/058681.jpg;fotos_site_com_marca/058681.jpg;fotos_site_com_marca/small/058681.jpg;fotos_site_com_marca/thumb/058681.jpg;1
CMMCU00005;Stones Lingua Branca;+fotos_site_com_marca/058585.jpg;fotos_site_com_marca/058585.jpg;fotos_site_com_marca/small/058585.jpg;fotos_site_com_marca/thumb/058585.jpg;1
CMMCU00026;The Cure Preta;+fotos_site_com_marca/058683.jpg;fotos_site_com_marca/058683.jpg;fotos_site_com_marca/small/058683.jpg;fotos_site_com_marca/thumb/058683.jpg;1
CMMCU00032;Walking Dead Caricatura;+fotos_site_com_marca/059167.jpg;fotos_site_com_marca/059167.jpg;fotos_site_com_marca/small/059167.jpg;fotos_site_com_marca/thumb/059167.jpg;1
